Workbook

Sheet VISUAL PLANNING - CA
A1: Scenario List | D1: Klasifikasi | I1: Concept Visual Planning | P1: Revision 1 | Q1: Revision 1 | V1: Revision 2 | W1: Revision 2 | AB1: QC Concept Visual Planning | AC1: Quality Check Description | AJ1: Visual Planning | AQ1: Revision 1 | AR1: Revision 1 | AW1: Revision 2 | AX1: Revision 2 | BC1: QC Visual Planning | BD1: Quality Visual Planning
A2: No | B2: Scenario Name | C2: Scenario Code | D2: Level Konsep Visual Planning | E2: Level Visual Planning | F2: PIC Penentu | H2: Level | I2: PIC | J2: Start Time | K2: Status | L2: Finish Time | M2: Duration (Minute) | N2: Duration Pause (Minute) | O2: Duration Final (Hour) | Q2: PIC Rev 1 | R2: Start Time | S2: Status | T2: Finish Time | U2: Revision Percentage | W2: PIC Rev 2 | X2: Start Time | Y2: Status | Z2: Finish Time | AA2: Revision Percentage | AC2: PIC QC | AD2: Start Time | AE2: Status | AF2: Finish Time | AG2: QC Count | AI2: Level | AJ2: PIC | AK2: Start Time | AL2: Status | AM2: Finish Time | AN2: Duration (Minute) | AO2: Duration Pause (Minute) | AP2: Duration Final (Hour) | AR2: PIC Rev 1 | AS2: Start Time | AT2: Status | AU2: Finish Time | AV2: Revision Percentage | AX2: PIC Rev 2 | AY2: Start Time | AZ2: Status | BA2: Finish Time | BB2: Revision Percentage | BD2: PIC QC | BE2: Start Time | BF2: Status | BG2: Finish Time | BH2: QC Count
A3: =IF(B3="","",COUNTA($B$3:B3)) -> 1 | B3: Static Target Shooting | C3: =IF(B3="","", "PDSSVP"&TEXT(COUNTA($B$3:B3),"000")) -> PDSSVP001 | D3: 2 | E3: 2 | F3: Dian Hasanudin | H3: =D3 -> 2 | I3: Muhamad Ade Saputra | J3: 46135.492 | K3: Done | L3: 46136.706 | M3: =IF(AND(J3<>"",L3<>""),(L3-J3)*1440,"") -> 1748 | N3: =IF( INT(J3)=INT(L3), IF( AND(MOD(J3,1)<TIME(12,0,0), MOD(L3,1)>TIME(12,0,0)), 60, 0 ), IF( MOD(L3,1)<=TIME(12,0,0), (INT(L3)-INT(J3))*960, (INT(L3)-INT(J3))*1020 ) ) -> 1020 | O3: =(M3-N3)/60 -> 12.133333 | P3: =S3 -> Done | Q3: Muhamad Ade Saputra | R3: =if(Q3<>"", if(R3="",NOW(),R3),"") -> 46148.457 | S3: Done | T3: =if(S3="Done", if(T3="",NOW(),T3),"") -> 46148.697 | V3: =Y3 | X3: =if(W3<>"", if(X3="",NOW(),X3),"") | Z3: =if(Y3="Done", if(Z3="",NOW(),Z3),"") | AB3: =AE3 | AD3: =if(AC3<>"", if(AD3="",NOW(),AD3),"") | AF3: =if(AE3="Done", if(AF3="",NOW(),AF3),"") | AG3: 0 | AI3: =E3 -> 2 | AJ3: Faaidh Abdurrazzak | AK3: 46136.421 | AL3: Done | AM3: 46139.704 | AN3: =IF(AND(AK3<>"",AM3<>""),(AM3-AK3)*1440,"") -> 4728.35 | AO3: =IF( INT(AK3)=INT(AM3), IF( AND(MOD(AK3,1)<TIME(12,0,0), MOD(AM3,1)>TIME(12,0,0)), 60, 0 ), IF( MOD(AM3,1)<=TIME(12,0,0), (INT(AM3)-INT(AK3))*960, (INT(AM3)-INT(AK3))*1020 ) ) -> 3060 | AP3: =(AN3-AO3)/60 -> 27.805833 | AQ3: =AT3 -> Done | AR3: Faaidh Abdurrazzak | AS3: =if(AR3<>"", if(AS3="",NOW(),AS3),"") -> 46148.633 | AT3: Done | AU3: =if(AT3="Done", if(AU3="",NOW(),AU3),"") -> 46148.705 | AW3: =AZ3 | AY3: =if(AX3<>"", if(AY3="",NOW(),AY3),"") | BA3: =if(AZ3="Done", if(BA3="",NOW(),BA3),"") | BC3: =BF3 | BE3: =if(BD3<>"", if(BE3="",NOW(),BE3),"") | BG3: =if(BF3="Done", if(BG3="",NOW(),BG3),"") | BH3: 1
A4: =IF(B4="","",COUNTA($B$3:B4)) -> 2 | B4: Moving Target Shooting | C4: =IF(B4="","", "PDSSVP"&TEXT(COUNTA($B$3:B4),"000")) -> PDSSVP002 | D4: 2 | E4: 2 | F4: Dian Hasanudin | H4: =D4 -> 2 | I4: Muhamad Ade Saputra | J4: 46139.402 | K4: Done | L4: 46140.708 | M4: =IF(AND(J4<>"",L4<>""),(L4-J4)*1440,"") -> 1880.9333 | N4: =IF( INT(J4)=INT(L4), IF( AND(MOD(J4,1)<TIME(12,0,0), MOD(L4,1)>TIME(12,0,0)), 60, 0 ), IF( MOD(L4,1)<=TIME(12,0,0), (INT(L4)-INT(J4))*960, (INT(L4)-INT(J4))*1020 ) ) -> 1020 | O4: =(M4-N4)/60 -> 14.348889 | P4: =S4 -> Done | Q4: Muhamad Ade Saputra | R4: =if(Q4<>"", if(R4="",NOW(),R4),"") -> 46149.386 | S4: Done | T4: =if(S4="Done", if(T4="",NOW(),T4),"") -> 46149.613 | V4: =Y4 | X4: =if(W4<>"", if(X4="",NOW(),X4),"") | Z4: =if(Y4="Done", if(Z4="",NOW(),Z4),"") | AB4: =AE4 | AD4: =if(AC4<>"", if(AD4="",NOW(),AD4),"") | AF4: =if(AE4="Done", if(AF4="",NOW(),AF4),"") | AG4: 0 | AI4: =E4 -> 2 | AJ4: Faaidh Abdurrazzak | AK4: 46140.379 | AL4: Done | AM4: 46141.706 | AN4: =IF(AND(AK4<>"",AM4<>""),(AM4-AK4)*1440,"") -> 1911.6333 | AO4: =IF( INT(AK4)=INT(AM4), IF( AND(MOD(AK4,1)<TIME(12,0,0), MOD(AM4,1)>TIME(12,0,0)), 60, 0 ), IF( MOD(AM4,1)<=TIME(12,0,0), (INT(AM4)-INT(AK4))*960, (INT(AM4)-INT(AK4))*1020 ) ) -> 1020 | AP4: =(AN4-AO4)/60 -> 14.860556 | AQ4: =AT4 -> Done | AR4: Faaidh Abdurrazzak | AS4: =if(AR4<>"", if(AS4="",NOW(),AS4),"") -> 46149.649 | AT4: Done | AU4: =if(AT4="Done", if(AU4="",NOW(),AU4),"") -> 46149.694 | AW4: =AZ4 | AY4: =if(AX4<>"", if(AY4="",NOW(),AY4),"") | BA4: =if(AZ4="Done", if(BA4="",NOW(),BA4),"") | BC4: =BF4 | BE4: =if(BD4<>"", if(BE4="",NOW(),BE4),"") | BG4: =if(BF4="Done", if(BG4="",NOW(),BG4),"") | BH4: 0
A5: =IF(B5="","",COUNTA($B$3:B5)) -> 3 | B5: Multiple Target Engangement | C5: =IF(B5="","", "PDSSVP"&TEXT(COUNTA($B$3:B5),"000")) -> PDSSVP003 | D5: 2 | E5: 2 | F5: Dian Hasanudin | H5: =D5 -> 2 | I5: Muhamad Ade Saputra | J5: 46146.375 | K5: Done | L5: =if(K5="Done", if(L5="",NOW(),L5),"") -> 46148.379 | M5: =IF(AND(J5<>"",L5<>""),(L5-J5)*1440,"") -> 2886.2287 | N5: =IF( INT(J5)=INT(L5), IF( AND(MOD(J5,1)<TIME(12,0,0), MOD(L5,1)>TIME(12,0,0)), 60, 0 ), IF( MOD(L5,1)<=TIME(12,0,0), (INT(L5)-INT(J5))*960, (INT(L5)-INT(J5))*1020 ) ) -> 1920 | O5: =(M5-N5)/60 -> 16.103811 | P5: =S5 -> Done | Q5: Muhamad Ade Saputra | R5: =if(Q5<>"", if(R5="",NOW(),R5),"") -> 46150.418 | S5: Done | T5: =if(S5="Done", if(T5="",NOW(),T5),"") -> 46150.595 | V5: =Y5 | X5: =if(W5<>"", if(X5="",NOW(),X5),"") | Z5: =if(Y5="Done", if(Z5="",NOW(),Z5),"") | AB5: =AE5 | AD5: =if(AC5<>"", if(AD5="",NOW(),AD5),"") | AF5: =if(AE5="Done", if(AF5="",NOW(),AF5),"") | AG5: 0 | AI5: =E5 -> 2 | AJ5: Faaidh Abdurrazzak | AK5: 46147.375 | AL5: Done | AM5: =if(AL5="Done", if(AM5="",NOW(),AM5),"") -> 46147.709 | AN5: =IF(AND(AK5<>"",AM5<>""),(AM5-AK5)*1440,"") -> 481.08888 | AO5: =IF( INT(AK5)=INT(AM5), IF( AND(MOD(AK5,1)<TIME(12,0,0), MOD(AM5,1)>TIME(12,0,0)), 60, 0 ), IF( MOD(AM5,1)<=TIME(12,0,0), (INT(AM5)-INT(AK5))*960, (INT(AM5)-INT(AK5))*1020 ) ) -> 60 | AP5: =(AN5-AO5)/60 -> 7.0181481 | AQ5: =AT5 -> Done | AR5: Faaidh Abdurrazzak | AS5: =if(AR5<>"", if(AS5="",NOW(),AS5),"") -> 46150.613 | AT5: Done | AU5: =if(AT5="Done", if(AU5="",NOW(),AU5),"") -> 46150.684 | AW5: =AZ5 | AY5: =if(AX5<>"", if(AY5="",NOW(),AY5),"") | BA5: =if(AZ5="Done", if(BA5="",NOW(),BA5),"") | BC5: =BF5 | BE5: =if(BD5<>"", if(BE5="",NOW(),BE5),"") | BG5: =if(BF5="Done", if(BG5="",NOW(),BG5),"") | BH5: 0
A6: =IF(B6="","",COUNTA($B$3:B6)) -> 4 | B6: Pop Up Target Shooting | C6: =IF(B6="","", "PDSSVP"&TEXT(COUNTA($B$3:B6),"000")) -> PDSSVP004 | D6: 2 | E6: 2 | F6: Dian Hasanudin | H6: =D6 -> 2 | I6: Muhamad Ade Saputra | J6: 46141.379 | K6: Done | L6: 46142.686 | M6: =IF(AND(J6<>"",L6<>""),(L6-J6)*1440,"") -> 1881.1667 | N6: =IF( INT(J6)=INT(L6), IF( AND(MOD(J6,1)<TIME(12,0,0), MOD(L6,1)>TIME(12,0,0)), 60, 0 ), IF( MOD(L6,1)<=TIME(12,0,0), (INT(L6)-INT(J6))*960, (INT(L6)-INT(J6))*1020 ) ) -> 1020 | O6: =(M6-N6)/60 -> 14.352778 | P6: =S6 -> Done | Q6: Muhamad Ade Saputra | R6: =if(Q6<>"", if(R6="",NOW(),R6),"") -> 46149.614 | S6: Done | T6: =if(S6="Done", if(T6="",NOW(),T6),"") -> 46149.698 | V6: =Y6 | X6: =if(W6<>"", if(X6="",NOW(),X6),"") | Z6: =if(Y6="Done", if(Z6="",NOW(),Z6),"") | AB6: =AE6 | AD6: =if(AC6<>"", if(AD6="",NOW(),AD6),"") | AF6: =if(AE6="Done", if(AF6="",NOW(),AF6),"") | AG6: 0 | AI6: =E6 -> 2 | AJ6: Faaidh Abdurrazzak | AK6: 46142.378 | AL6: Done | AM6: 46146.705 | AN6: =IF(AND(AK6<>"",AM6<>""),(AM6-AK6)*1440,"") -> 6231.5 | AO6: =IF( INT(AK6)=INT(AM6), IF( AND(MOD(AK6,1)<TIME(12,0,0), MOD(AM6,1)>TIME(12,0,0)), 60, 0 ), IF( MOD(AM6,1)<=TIME(12,0,0), (INT(AM6)-INT(AK6))*960, (INT(AM6)-INT(AK6))*1020 ) ) -> 4080 | AP6: =(AN6-AO6)/60 -> 35.858333 | AQ6: =AT6 -> Done | AR6: Faaidh Abdurrazzak | AS6: =if(AR6<>"", if(AS6="",NOW(),AS6),"") -> 46150.395 | AT6: Done | AU6: =if(AT6="Done", if(AU6="",NOW(),AU6),"") -> 46150.588 | AW6: =AZ6 | AY6: =if(AX6<>"", if(AY6="",NOW(),AY6),"") | BA6: =if(AZ6="Done", if(BA6="",NOW(),BA6),"") | BC6: =BF6 | BE6: =if(BD6<>"", if(BE6="",NOW(),BE6),"") | BG6: =if(BF6="Done", if(BG6="",NOW(),BG6),"") | BH6: 0
A7: =IF(B7="","",COUNTA($B$3:B7)) -> 5 | B7: Tactical Shooting Scenario | C7: =IF(B7="","", "PDSSVP"&TEXT(COUNTA($B$3:B7),"000")) -> PDSSVP005 | H7: =D7 | J7: =if(I7<>"", if(J7="",NOW(),J7),"") | L7: =if(K7="Done", if(L7="",NOW(),L7),"") | M7: =IF(AND(J7<>"",L7<>""),(L7-J7)*1440,"") | N7: =IF( INT(J7)=INT(L7), IF( AND(MOD(J7,1)<TIME(12,0,0), MOD(L7,1)>TIME(12,0,0)), 60, 0 ), IF( MOD(L7,1)<=TIME(12,0,0), (INT(L7)-INT(J7))*960, (INT(L7)-INT(J7))*1020 ) ) -> 0 | O7: =(M7-N7)/60 -> 0 | P7: =S7 | R7: =if(Q7<>"", if(R7="",NOW(),R7),"") | T7: =if(S7="Done", if(T7="",NOW(),T7),"") | V7: =Y7 | X7: =if(W7<>"", if(X7="",NOW(),X7),"") | Z7: =if(Y7="Done", if(Z7="",NOW(),Z7),"") | AB7: =AE7 | AD7: =if(AC7<>"", if(AD7="",NOW(),AD7),"") | AF7: =if(AE7="Done", if(AF7="",NOW(),AF7),"") | AG7: 0 | AI7: =E7 | AK7: =if(AJ7<>"", if(AK7="",NOW(),AK7),"") | AM7: =if(AL7="Done", if(AM7="",NOW(),AM7),"") | AN7: =IF(AND(AK7<>"",AM7<>""),(AM7-AK7)*1440,"") | AO7: =IF( INT(AK7)=INT(AM7), IF( AND(MOD(AK7,1)<TIME(12,0,0), MOD(AM7,1)>TIME(12,0,0)), 60, 0 ), IF( MOD(AM7,1)<=TIME(12,0,0), (INT(AM7)-INT(AK7))*960, (INT(AM7)-INT(AK7))*1020 ) ) -> 0 | AP7: =(AN7-AO7)/60 -> 0 | AQ7: =AT7 | AS7: =if(AR7<>"", if(AS7="",NOW(),AS7),"") | AU7: =if(AT7="Done", if(AU7="",NOW(),AU7),"") | AW7: =AZ7 | AY7: =if(AX7<>"", if(AY7="",NOW(),AY7),"") | BA7: =if(AZ7="Done", if(BA7="",NOW(),BA7),"") | BC7: =BF7 | BE7: =if(BD7<>"", if(BE7="",NOW(),BE7),"") | BG7: =if(BF7="Done", if(BG7="",NOW(),BG7),"") | BH7: 0
A8: =IF(B8="","",COUNTA($B$3:B8)) -> 6 | B8: Reaction Shooting Drill | C8: =IF(B8="","", "PDSSVP"&TEXT(COUNTA($B$3:B8),"000")) -> PDSSVP006 | H8: =D8 | J8: =if(I8<>"", if(J8="",NOW(),J8),"") | L8: =if(K8="Done", if(L8="",NOW(),L8),"") | M8: =IF(AND(J8<>"",L8<>""),(L8-J8)*1440,"") | N8: =IF( INT(J8)=INT(L8), IF( AND(MOD(J8,1)<TIME(12,0,0), MOD(L8,1)>TIME(12,0,0)), 60, 0 ), IF( MOD(L8,1)<=TIME(12,0,0), (INT(L8)-INT(J8))*960, (INT(L8)-INT(J8))*1020 ) ) -> 0 | O8: =(M8-N8)/60 -> 0 | P8: =S8 | R8: =if(Q8<>"", if(R8="",NOW(),R8),"") | T8: =if(S8="Done", if(T8="",NOW(),T8),"") | V8: =Y8 | X8: =if(W8<>"", if(X8="",NOW(),X8),"") | Z8: =if(Y8="Done", if(Z8="",NOW(),Z8),"") | AB8: =AE8 | AD8: =if(AC8<>"", if(AD8="",NOW(),AD8),"") | AF8: =if(AE8="Done", if(AF8="",NOW(),AF8),"") | AG8: 0 | AI8: =E8 | AK8: =if(AJ8<>"", if(AK8="",NOW(),AK8),"") | AM8: =if(AL8="Done", if(AM8="",NOW(),AM8),"") | AN8: =IF(AND(AK8<>"",AM8<>""),(AM8-AK8)*1440,"") | AO8: =IF( INT(AK8)=INT(AM8), IF( AND(MOD(AK8,1)<TIME(12,0,0), MOD(AM8,1)>TIME(12,0,0)), 60, 0 ), IF( MOD(AM8,1)<=TIME(12,0,0), (INT(AM8)-INT(AK8))*960, (INT(AM8)-INT(AK8))*1020 ) ) -> 0 | AP8: =(AN8-AO8)/60 -> 0 | AQ8: =AT8 | AS8: =if(AR8<>"", if(AS8="",NOW(),AS8),"") | AU8: =if(AT8="Done", if(AU8="",NOW(),AU8),"") | AW8: =AZ8 | AY8: =if(AX8<>"", if(AY8="",NOW(),AY8),"") | BA8: =if(AZ8="Done", if(BA8="",NOW(),BA8),"") | BC8: =BF8 | BE8: =if(BD8<>"", if(BE8="",NOW(),BE8),"") | BG8: =if(BF8="Done", if(BG8="",NOW(),BG8),"") | BH8: 0
A9: =IF(B9="","",COUNTA($B$3:B9)) | C9: =IF(B9="","", "PDSSVP"&TEXT(COUNTA($B$3:B9),"000")) | H9: =D9 | J9: =if(I9<>"", if(J9="",NOW(),J9),"") | L9: =if(K9="Done", if(L9="",NOW(),L9),"") | M9: =IF(AND(J9<>"",L9<>""),(L9-J9)*1440,"") | N9: =IF( INT(J9)=INT(L9), IF( AND(MOD(J9,1)<TIME(12,0,0), MOD(L9,1)>TIME(12,0,0)), 60, 0 ), IF( MOD(L9,1)<=TIME(12,0,0), (INT(L9)-INT(J9))*960, (INT(L9)-INT(J9))*1020 ) ) -> 0 | O9: =(M9-N9)/60 -> 0 | P9: =S9 | R9: =if(Q9<>"", if(R9="",NOW(),R9),"") | T9: =if(S9="Done", if(T9="",NOW(),T9),"") | V9: =Y9 | X9: =if(W9<>"", if(X9="",NOW(),X9),"") | Z9: =if(Y9="Done", if(Z9="",NOW(),Z9),"") | AB9: =AE9 | AD9: =if(AC9<>"", if(AD9="",NOW(),AD9),"") | AF9: =if(AE9="Done", if(AF9="",NOW(),AF9),"") | AG9: 0 | AI9: =E9 | AK9: =if(AJ9<>"", if(AK9="",NOW(),AK9),"") | AM9: =if(AL9="Done", if(AM9="",NOW(),AM9),"") | AN9: =IF(AND(AK9<>"",AM9<>""),(AM9-AK9)*1440,"") | AO9: =IF( INT(AK9)=INT(AM9), IF( AND(MOD(AK9,1)<TIME(12,0,0), MOD(AM9,1)>TIME(12,0,0)), 60, 0 ), IF( MOD(AM9,1)<=TIME(12,0,0), (INT(AM9)-INT(AK9))*960, (INT(AM9)-INT(AK9))*1020 ) ) -> 0 | AP9: =(AN9-AO9)/60 -> 0 | AQ9: =AT9 | AS9: =if(AR9<>"", if(AS9="",NOW(),AS9),"") | AU9: =if(AT9="Done", if(AU9="",NOW(),AU9),"") | AW9: =AZ9 | AY9: =if(AX9<>"", if(AY9="",NOW(),AY9),"") | BA9: =if(AZ9="Done", if(BA9="",NOW(),BA9),"") | BC9: =BF9 | BE9: =if(BD9<>"", if(BE9="",NOW(),BE9),"") | BG9: =if(BF9="Done", if(BG9="",NOW(),BG9),"") | BH9: 0
A10: =IF(B10="","",COUNTA($B$3:B10)) | C10: =IF(B10="","", "PDSSVP"&TEXT(COUNTA($B$3:B10),"000")) | H10: =D10 | J10: =if(I10<>"", if(J10="",NOW(),J10),"") | L10: =if(K10="Done", if(L10="",NOW(),L10),"") | M10: =IF(AND(J10<>"",L10<>""),(L10-J10)*1440,"") | N10: =IF( INT(J10)=INT(L10), IF( AND(MOD(J10,1)<TIME(12,0,0), MOD(L10,1)>TIME(12,0,0)), 60, 0 ), IF( MOD(L10,1)<=TIME(12,0,0), (INT(L10)-INT(J10))*960, (INT(L10)-INT(J10))*1020 ) ) -> 0 | O10: =(M10-N10)/60 -> 0 | P10: =S10 | R10: =if(Q10<>"", if(R10="",NOW(),R10),"") | T10: =if(S10="Done", if(T10="",NOW(),T10),"") | V10: =Y10 | X10: =if(W10<>"", if(X10="",NOW(),X10),"") | Z10: =if(Y10="Done", if(Z10="",NOW(),Z10),"") | AB10: =AE10 | AD10: =if(AC10<>"", if(AD10="",NOW(),AD10),"") | AF10: =if(AE10="Done", if(AF10="",NOW(),AF10),"") | AG10: 0 | AI10: =E10 | AK10: =if(AJ10<>"", if(AK10="",NOW(),AK10),"") | AM10: =if(AL10="Done", if(AM10="",NOW(),AM10),"") | AN10: =IF(AND(AK10<>"",AM10<>""),(AM10-AK10)*1440,"") | AO10: =IF( INT(AK10)=INT(AM10), IF( AND(MOD(AK10,1)<TIME(12,0,0), MOD(AM10,1)>TIME(12,0,0)), 60, 0 ), IF( MOD(AM10,1)<=TIME(12,0,0), (INT(AM10)-INT(AK10))*960, (INT(AM10)-INT(AK10))*1020 ) ) -> 0 | AP10: =(AN10-AO10)/60 -> 0 | AQ10: =AT10 | AS10: =if(AR10<>"", if(AS10="",NOW(),AS10),"") | AU10: =if(AT10="Done", if(AU10="",NOW(),AU10),"") | AW10: =AZ10 | AY10: =if(AX10<>"", if(AY10="",NOW(),AY10),"") | BA10: =if(AZ10="Done", if(BA10="",NOW(),BA10),"") | BC10: =BF10 | BE10: =if(BD10<>"", if(BE10="",NOW(),BE10),"") | BG10: =if(BF10="Done", if(BG10="",NOW(),BG10),"") | BH10: 0
A11: =IF(B11="","",COUNTA($B$3:B11)) | C11: =IF(B11="","", "PDSSVP"&TEXT(COUNTA($B$3:B11),"000")) | H11: =D11 | J11: =if(I11<>"", if(J11="",NOW(),J11),"") | L11: =if(K11="Done", if(L11="",NOW(),L11),"") | M11: =IF(AND(J11<>"",L11<>""),(L11-J11)*1440,"") | N11: =IF( INT(J11)=INT(L11), IF( AND(MOD(J11,1)<TIME(12,0,0), MOD(L11,1)>TIME(12,0,0)), 60, 0 ), IF( MOD(L11,1)<=TIME(12,0,0), (INT(L11)-INT(J11))*960, (INT(L11)-INT(J11))*1020 ) ) -> 0 | O11: =(M11-N11)/60 -> 0 | P11: =S11 | R11: =if(Q11<>"", if(R11="",NOW(),R11),"") | T11: =if(S11="Done", if(T11="",NOW(),T11),"") | V11: =Y11 | X11: =if(W11<>"", if(X11="",NOW(),X11),"") | Z11: =if(Y11="Done", if(Z11="",NOW(),Z11),"") | AB11: =AE11 | AD11: =if(AC11<>"", if(AD11="",NOW(),AD11),"") | AF11: =if(AE11="Done", if(AF11="",NOW(),AF11),"") | AG11: 0 | AI11: =E11 | AK11: =if(AJ11<>"", if(AK11="",NOW(),AK11),"") | AM11: =if(AL11="Done", if(AM11="",NOW(),AM11),"") | AN11: =IF(AND(AK11<>"",AM11<>""),(AM11-AK11)*1440,"") | AO11: =IF( INT(AK11)=INT(AM11), IF( AND(MOD(AK11,1)<TIME(12,0,0), MOD(AM11,1)>TIME(12,0,0)), 60, 0 ), IF( MOD(AM11,1)<=TIME(12,0,0), (INT(AM11)-INT(AK11))*960, (INT(AM11)-INT(AK11))*1020 ) ) -> 0 | AP11: =(AN11-AO11)/60 -> 0 | AQ11: =AT11 | AS11: =if(AR11<>"", if(AS11="",NOW(),AS11),"") | AU11: =if(AT11="Done", if(AU11="",NOW(),AU11),"") | AW11: =AZ11 | AY11: =if(AX11<>"", if(AY11="",NOW(),AY11),"") | BA11: =if(AZ11="Done", if(BA11="",NOW(),BA11),"") | BC11: =BF11 | BE11: =if(BD11<>"", if(BE11="",NOW(),BE11),"") | BG11: =if(BF11="Done", if(BG11="",NOW(),BG11),"") | BH11: 0
A12: =IF(B12="","",COUNTA($B$3:B12)) | C12: =IF(B12="","", "PDSSVP"&TEXT(COUNTA($B$3:B12),"000")) | H12: =D12 | J12: =if(I12<>"", if(J12="",NOW(),J12),"") | L12: =if(K12="Done", if(L12="",NOW(),L12),"") | M12: =IF(AND(J12<>"",L12<>""),(L12-J12)*1440,"") | N12: =IF( INT(J12)=INT(L12), IF( AND(MOD(J12,1)<TIME(12,0,0), MOD(L12,1)>TIME(12,0,0)), 60, 0 ), IF( MOD(L12,1)<=TIME(12,0,0), (INT(L12)-INT(J12))*960, (INT(L12)-INT(J12))*1020 ) ) -> 0 | O12: =(M12-N12)/60 -> 0 | P12: =S12 | R12: =if(Q12<>"", if(R12="",NOW(),R12),"") | T12: =if(S12="Done", if(T12="",NOW(),T12),"") | V12: =Y12 | X12: =if(W12<>"", if(X12="",NOW(),X12),"") | Z12: =if(Y12="Done", if(Z12="",NOW(),Z12),"") | AB12: =AE12 | AD12: =if(AC12<>"", if(AD12="",NOW(),AD12),"") | AF12: =if(AE12="Done", if(AF12="",NOW(),AF12),"") | AG12: 0 | AI12: =E12 | AK12: =if(AJ12<>"", if(AK12="",NOW(),AK12),"") | AM12: =if(AL12="Done", if(AM12="",NOW(),AM12),"") | AN12: =IF(AND(AK12<>"",AM12<>""),(AM12-AK12)*1440,"") | AO12: =IF( INT(AK12)=INT(AM12), IF( AND(MOD(AK12,1)<TIME(12,0,0), MOD(AM12,1)>TIME(12,0,0)), 60, 0 ), IF( MOD(AM12,1)<=TIME(12,0,0), (INT(AM12)-INT(AK12))*960, (INT(AM12)-INT(AK12))*1020 ) ) -> 0 | AP12: =(AN12-AO12)/60 -> 0 | AQ12: =AT12 | AS12: =if(AR12<>"", if(AS12="",NOW(),AS12),"") | AU12: =if(AT12="Done", if(AU12="",NOW(),AU12),"") | AW12: =AZ12 | AY12: =if(AX12<>"", if(AY12="",NOW(),AY12),"") | BA12: =if(AZ12="Done", if(BA12="",NOW(),BA12),"") | BC12: =BF12 | BE12: =if(BD12<>"", if(BE12="",NOW(),BE12),"") | BG12: =if(BF12="Done", if(BG12="",NOW(),BG12),"") | BH12: 0
A13: =IF(B13="","",COUNTA($B$3:B13)) | C13: =IF(B13="","", "PDSSVP"&TEXT(COUNTA($B$3:B13),"000")) | H13: =D13 | J13: =if(I13<>"", if(J13="",NOW(),J13),"") | L13: =if(K13="Done", if(L13="",NOW(),L13),"") | M13: =IF(AND(J13<>"",L13<>""),(L13-J13)*1440,"") | N13: =IF( INT(J13)=INT(L13), IF( AND(MOD(J13,1)<TIME(12,0,0), MOD(L13,1)>TIME(12,0,0)), 60, 0 ), IF( MOD(L13,1)<=TIME(12,0,0), (INT(L13)-INT(J13))*960, (INT(L13)-INT(J13))*1020 ) ) -> 0 | O13: =(M13-N13)/60 -> 0 | P13: =S13 | R13: =if(Q13<>"", if(R13="",NOW(),R13),"") | T13: =if(S13="Done", if(T13="",NOW(),T13),"") | V13: =Y13 | X13: =if(W13<>"", if(X13="",NOW(),X13),"") | Z13: =if(Y13="Done", if(Z13="",NOW(),Z13),"") | AB13: =AE13 | AD13: =if(AC13<>"", if(AD13="",NOW(),AD13),"") | AF13: =if(AE13="Done", if(AF13="",NOW(),AF13),"") | AG13: 0 | AI13: =E13 | AK13: =if(AJ13<>"", if(AK13="",NOW(),AK13),"") | AM13: =if(AL13="Done", if(AM13="",NOW(),AM13),"") | AN13: =IF(AND(AK13<>"",AM13<>""),(AM13-AK13)*1440,"") | AO13: =IF( INT(AK13)=INT(AM13), IF( AND(MOD(AK13,1)<TIME(12,0,0), MOD(AM13,1)>TIME(12,0,0)), 60, 0 ), IF( MOD(AM13,1)<=TIME(12,0,0), (INT(AM13)-INT(AK13))*960, (INT(AM13)-INT(AK13))*1020 ) ) -> 0 | AP13: =(AN13-AO13)/60 -> 0 | AQ13: =AT13 | AS13: =if(AR13<>"", if(AS13="",NOW(),AS13),"") | AU13: =if(AT13="Done", if(AU13="",NOW(),AU13),"") | AW13: =AZ13 | AY13: =if(AX13<>"", if(AY13="",NOW(),AY13),"") | BA13: =if(AZ13="Done", if(BA13="",NOW(),BA13),"") | BC13: =BF13 | BE13: =if(BD13<>"", if(BE13="",NOW(),BE13),"") | BG13: =if(BF13="Done", if(BG13="",NOW(),BG13),"") | BH13: 0
A14: =IF(B14="","",COUNTA($B$3:B14)) | C14: =IF(B14="","", "PDSSVP"&TEXT(COUNTA($B$3:B14),"000")) | H14: =D14 | J14: =if(I14<>"", if(J14="",NOW(),J14),"") | L14: =if(K14="Done", if(L14="",NOW(),L14),"") | M14: =IF(AND(J14<>"",L14<>""),(L14-J14)*1440,"") | N14: =IF( INT(J14)=INT(L14), IF( AND(MOD(J14,1)<TIME(12,0,0), MOD(L14,1)>TIME(12,0,0)), 60, 0 ), IF( MOD(L14,1)<=TIME(12,0,0), (INT(L14)-INT(J14))*960, (INT(L14)-INT(J14))*1020 ) ) -> 0 | O14: =(M14-N14)/60 -> 0 | P14: =S14 | R14: =if(Q14<>"", if(R14="",NOW(),R14),"") | T14: =if(S14="Done", if(T14="",NOW(),T14),"") | V14: =Y14 | X14: =if(W14<>"", if(X14="",NOW(),X14),"") | Z14: =if(Y14="Done", if(Z14="",NOW(),Z14),"") | AB14: =AE14 | AD14: =if(AC14<>"", if(AD14="",NOW(),AD14),"") | AF14: =if(AE14="Done", if(AF14="",NOW(),AF14),"") | AG14: 0 | AI14: =E14 | AK14: =if(AJ14<>"", if(AK14="",NOW(),AK14),"") | AM14: =if(AL14="Done", if(AM14="",NOW(),AM14),"") | AN14: =IF(AND(AK14<>"",AM14<>""),(AM14-AK14)*1440,"") | AO14: =IF( INT(AK14)=INT(AM14), IF( AND(MOD(AK14,1)<TIME(12,0,0), MOD(AM14,1)>TIME(12,0,0)), 60, 0 ), IF( MOD(AM14,1)<=TIME(12,0,0), (INT(AM14)-INT(AK14))*960, (INT(AM14)-INT(AK14))*1020 ) ) -> 0 | AP14: =(AN14-AO14)/60 -> 0 | AQ14: =AT14 | AS14: =if(AR14<>"", if(AS14="",NOW(),AS14),"") | AU14: =if(AT14="Done", if(AU14="",NOW(),AU14),"") | AW14: =AZ14 | AY14: =if(AX14<>"", if(AY14="",NOW(),AY14),"") | BA14: =if(AZ14="Done", if(BA14="",NOW(),BA14),"") | BC14: =BF14 | BE14: =if(BD14<>"", if(BE14="",NOW(),BE14),"") | BG14: =if(BF14="Done", if(BG14="",NOW(),BG14),"") | BH14: 0
A15: =IF(B15="","",COUNTA($B$3:B15)) | C15: =IF(B15="","", "PDSSVP"&TEXT(COUNTA($B$3:B15),"000")) | H15: =D15 | J15: =if(I15<>"", if(J15="",NOW(),J15),"") | L15: =if(K15="Done", if(L15="",NOW(),L15),"") | M15: =IF(AND(J15<>"",L15<>""),(L15-J15)*1440,"") | N15: =IF( INT(J15)=INT(L15), IF( AND(MOD(J15,1)<TIME(12,0,0), MOD(L15,1)>TIME(12,0,0)), 60, 0 ), IF( MOD(L15,1)<=TIME(12,0,0), (INT(L15)-INT(J15))*960, (INT(L15)-INT(J15))*1020 ) ) -> 0 | O15: =(M15-N15)/60 -> 0 | P15: =S15 | R15: =if(Q15<>"", if(R15="",NOW(),R15),"") | T15: =if(S15="Done", if(T15="",NOW(),T15),"") | V15: =Y15 | X15: =if(W15<>"", if(X15="",NOW(),X15),"") | Z15: =if(Y15="Done", if(Z15="",NOW(),Z15),"") | AB15: =AE15 | AD15: =if(AC15<>"", if(AD15="",NOW(),AD15),"") | AF15: =if(AE15="Done", if(AF15="",NOW(),AF15),"") | AG15: 0 | AI15: =E15 | AK15: =if(AJ15<>"", if(AK15="",NOW(),AK15),"") | AM15: =if(AL15="Done", if(AM15="",NOW(),AM15),"") | AN15: =IF(AND(AK15<>"",AM15<>""),(AM15-AK15)*1440,"") | AO15: =IF( INT(AK15)=INT(AM15), IF( AND(MOD(AK15,1)<TIME(12,0,0), MOD(AM15,1)>TIME(12,0,0)), 60, 0 ), IF( MOD(AM15,1)<=TIME(12,0,0), (INT(AM15)-INT(AK15))*960, (INT(AM15)-INT(AK15))*1020 ) ) -> 0 | AP15: =(AN15-AO15)/60 -> 0 | AQ15: =AT15 | AS15: =if(AR15<>"", if(AS15="",NOW(),AS15),"") | AU15: =if(AT15="Done", if(AU15="",NOW(),AU15),"") | AW15: =AZ15 | AY15: =if(AX15<>"", if(AY15="",NOW(),AY15),"") | BA15: =if(AZ15="Done", if(BA15="",NOW(),BA15),"") | BC15: =BF15 | BE15: =if(BD15<>"", if(BE15="",NOW(),BE15),"") | BG15: =if(BF15="Done", if(BG15="",NOW(),BG15),"") | BH15: 0
A16: =IF(B16="","",COUNTA($B$3:B16)) | C16: =IF(B16="","", "PDSSVP"&TEXT(COUNTA($B$3:B16),"000")) | H16: =D16 | J16: =if(I16<>"", if(J16="",NOW(),J16),"") | L16: =if(K16="Done", if(L16="",NOW(),L16),"") | M16: =IF(AND(J16<>"",L16<>""),(L16-J16)*1440,"") | N16: =IF( INT(J16)=INT(L16), IF( AND(MOD(J16,1)<TIME(12,0,0), MOD(L16,1)>TIME(12,0,0)), 60, 0 ), IF( MOD(L16,1)<=TIME(12,0,0), (INT(L16)-INT(J16))*960, (INT(L16)-INT(J16))*1020 ) ) -> 0 | O16: =(M16-N16)/60 -> 0 | P16: =S16 | R16: =if(Q16<>"", if(R16="",NOW(),R16),"") | T16: =if(S16="Done", if(T16="",NOW(),T16),"") | V16: =Y16 | X16: =if(W16<>"", if(X16="",NOW(),X16),"") | Z16: =if(Y16="Done", if(Z16="",NOW(),Z16),"") | AB16: =AE16 | AD16: =if(AC16<>"", if(AD16="",NOW(),AD16),"") | AF16: =if(AE16="Done", if(AF16="",NOW(),AF16),"") | AG16: 0 | AI16: =E16 | AK16: =if(AJ16<>"", if(AK16="",NOW(),AK16),"") | AM16: =if(AL16="Done", if(AM16="",NOW(),AM16),"") | AN16: =IF(AND(AK16<>"",AM16<>""),(AM16-AK16)*1440,"") | AO16: =IF( INT(AK16)=INT(AM16), IF( AND(MOD(AK16,1)<TIME(12,0,0), MOD(AM16,1)>TIME(12,0,0)), 60, 0 ), IF( MOD(AM16,1)<=TIME(12,0,0), (INT(AM16)-INT(AK16))*960, (INT(AM16)-INT(AK16))*1020 ) ) -> 0 | AP16: =(AN16-AO16)/60 -> 0 | AQ16: =AT16 | AS16: =if(AR16<>"", if(AS16="",NOW(),AS16),"") | AU16: =if(AT16="Done", if(AU16="",NOW(),AU16),"") | AW16: =AZ16 | AY16: =if(AX16<>"", if(AY16="",NOW(),AY16),"") | BA16: =if(AZ16="Done", if(BA16="",NOW(),BA16),"") | BC16: =BF16 | BE16: =if(BD16<>"", if(BE16="",NOW(),BE16),"") | BG16: =if(BF16="Done", if(BG16="",NOW(),BG16),"") | BH16: 0
A17: =IF(B17="","",COUNTA($B$3:B17)) | C17: =IF(B17="","", "PDSSVP"&TEXT(COUNTA($B$3:B17),"000")) | H17: =D17 | J17: =if(I17<>"", if(J17="",NOW(),J17),"") | L17: =if(K17="Done", if(L17="",NOW(),L17),"") | M17: =IF(AND(J17<>"",L17<>""),(L17-J17)*1440,"") | N17: =IF( INT(J17)=INT(L17), IF( AND(MOD(J17,1)<TIME(12,0,0), MOD(L17,1)>TIME(12,0,0)), 60, 0 ), IF( MOD(L17,1)<=TIME(12,0,0), (INT(L17)-INT(J17))*960, (INT(L17)-INT(J17))*1020 ) ) -> 0 | O17: =(M17-N17)/60 -> 0 | P17: =S17 | R17: =if(Q17<>"", if(R17="",NOW(),R17),"") | T17: =if(S17="Done", if(T17="",NOW(),T17),"") | V17: =Y17 | X17: =if(W17<>"", if(X17="",NOW(),X17),"") | Z17: =if(Y17="Done", if(Z17="",NOW(),Z17),"") | AB17: =AE17 | AD17: =if(AC17<>"", if(AD17="",NOW(),AD17),"") | AF17: =if(AE17="Done", if(AF17="",NOW(),AF17),"") | AG17: 0 | AI17: =E17 | AK17: =if(AJ17<>"", if(AK17="",NOW(),AK17),"") | AM17: =if(AL17="Done", if(AM17="",NOW(),AM17),"") | AN17: =IF(AND(AK17<>"",AM17<>""),(AM17-AK17)*1440,"") | AO17: =IF( INT(AK17)=INT(AM17), IF( AND(MOD(AK17,1)<TIME(12,0,0), MOD(AM17,1)>TIME(12,0,0)), 60, 0 ), IF( MOD(AM17,1)<=TIME(12,0,0), (INT(AM17)-INT(AK17))*960, (INT(AM17)-INT(AK17))*1020 ) ) -> 0 | AP17: =(AN17-AO17)/60 -> 0 | AQ17: =AT17 | AS17: =if(AR17<>"", if(AS17="",NOW(),AS17),"") | AU17: =if(AT17="Done", if(AU17="",NOW(),AU17),"") | AW17: =AZ17 | AY17: =if(AX17<>"", if(AY17="",NOW(),AY17),"") | BA17: =if(AZ17="Done", if(BA17="",NOW(),BA17),"") | BC17: =BF17 | BE17: =if(BD17<>"", if(BE17="",NOW(),BE17),"") | BG17: =if(BF17="Done", if(BG17="",NOW(),BG17),"") | BH17: 0
A18: =IF(B18="","",COUNTA($B$3:B18)) | C18: =IF(B18="","", "PDSSVP"&TEXT(COUNTA($B$3:B18),"000")) | H18: =D18 | J18: =if(I18<>"", if(J18="",NOW(),J18),"") | L18: =if(K18="Done", if(L18="",NOW(),L18),"") | M18: =IF(AND(J18<>"",L18<>""),(L18-J18)*1440,"") | N18: =IF( INT(J18)=INT(L18), IF( AND(MOD(J18,1)<TIME(12,0,0), MOD(L18,1)>TIME(12,0,0)), 60, 0 ), IF( MOD(L18,1)<=TIME(12,0,0), (INT(L18)-INT(J18))*960, (INT(L18)-INT(J18))*1020 ) ) -> 0 | O18: =(M18-N18)/60 -> 0 | P18: =S18 | R18: =if(Q18<>"", if(R18="",NOW(),R18),"") | T18: =if(S18="Done", if(T18="",NOW(),T18),"") | V18: =Y18 | X18: =if(W18<>"", if(X18="",NOW(),X18),"") | Z18: =if(Y18="Done", if(Z18="",NOW(),Z18),"") | AB18: =AE18 | AD18: =if(AC18<>"", if(AD18="",NOW(),AD18),"") | AF18: =if(AE18="Done", if(AF18="",NOW(),AF18),"") | AG18: 0 | AI18: =E18 | AK18: =if(AJ18<>"", if(AK18="",NOW(),AK18),"") | AM18: =if(AL18="Done", if(AM18="",NOW(),AM18),"") | AN18: =IF(AND(AK18<>"",AM18<>""),(AM18-AK18)*1440,"") | AO18: =IF( INT(AK18)=INT(AM18), IF( AND(MOD(AK18,1)<TIME(12,0,0), MOD(AM18,1)>TIME(12,0,0)), 60, 0 ), IF( MOD(AM18,1)<=TIME(12,0,0), (INT(AM18)-INT(AK18))*960, (INT(AM18)-INT(AK18))*1020 ) ) -> 0 | AP18: =(AN18-AO18)/60 -> 0 | AQ18: =AT18 | AS18: =if(AR18<>"", if(AS18="",NOW(),AS18),"") | AU18: =if(AT18="Done", if(AU18="",NOW(),AU18),"") | AW18: =AZ18 | AY18: =if(AX18<>"", if(AY18="",NOW(),AY18),"") | BA18: =if(AZ18="Done", if(BA18="",NOW(),BA18),"") | BC18: =BF18 | BE18: =if(BD18<>"", if(BE18="",NOW(),BE18),"") | BG18: =if(BF18="Done", if(BG18="",NOW(),BG18),"") | BH18: 0
A19: =IF(B19="","",COUNTA($B$3:B19)) | C19: =IF(B19="","", "PDSSVP"&TEXT(COUNTA($B$3:B19),"000")) | H19: =D19 | J19: =if(I19<>"", if(J19="",NOW(),J19),"") | L19: =if(K19="Done", if(L19="",NOW(),L19),"") | M19: =IF(AND(J19<>"",L19<>""),(L19-J19)*1440,"") | N19: =IF( INT(J19)=INT(L19), IF( AND(MOD(J19,1)<TIME(12,0,0), MOD(L19,1)>TIME(12,0,0)), 60, 0 ), IF( MOD(L19,1)<=TIME(12,0,0), (INT(L19)-INT(J19))*960, (INT(L19)-INT(J19))*1020 ) ) -> 0 | O19: =(M19-N19)/60 -> 0 | P19: =S19 | R19: =if(Q19<>"", if(R19="",NOW(),R19),"") | T19: =if(S19="Done", if(T19="",NOW(),T19),"") | V19: =Y19 | X19: =if(W19<>"", if(X19="",NOW(),X19),"") | Z19: =if(Y19="Done", if(Z19="",NOW(),Z19),"") | AB19: =AE19 | AD19: =if(AC19<>"", if(AD19="",NOW(),AD19),"") | AF19: =if(AE19="Done", if(AF19="",NOW(),AF19),"") | AG19: 0 | AI19: =E19 | AK19: =if(AJ19<>"", if(AK19="",NOW(),AK19),"") | AM19: =if(AL19="Done", if(AM19="",NOW(),AM19),"") | AN19: =IF(AND(AK19<>"",AM19<>""),(AM19-AK19)*1440,"") | AO19: =IF( INT(AK19)=INT(AM19), IF( AND(MOD(AK19,1)<TIME(12,0,0), MOD(AM19,1)>TIME(12,0,0)), 60, 0 ), IF( MOD(AM19,1)<=TIME(12,0,0), (INT(AM19)-INT(AK19))*960, (INT(AM19)-INT(AK19))*1020 ) ) -> 0 | AP19: =(AN19-AO19)/60 -> 0 | AQ19: =AT19 | AS19: =if(AR19<>"", if(AS19="",NOW(),AS19),"") | AU19: =if(AT19="Done", if(AU19="",NOW(),AU19),"") | AW19: =AZ19 | AY19: =if(AX19<>"", if(AY19="",NOW(),AY19),"") | BA19: =if(AZ19="Done", if(BA19="",NOW(),BA19),"") | BC19: =BF19 | BE19: =if(BD19<>"", if(BE19="",NOW(),BE19),"") | BG19: =if(BF19="Done", if(BG19="",NOW(),BG19),"") | BH19: 0
A20: =IF(B20="","",COUNTA($B$3:B20)) | C20: =IF(B20="","", "PDSSVP"&TEXT(COUNTA($B$3:B20),"000")) | H20: =D20 | J20: =if(I20<>"", if(J20="",NOW(),J20),"") | L20: =if(K20="Done", if(L20="",NOW(),L20),"") | M20: =IF(AND(J20<>"",L20<>""),(L20-J20)*1440,"") | N20: =IF( INT(J20)=INT(L20), IF( AND(MOD(J20,1)<TIME(12,0,0), MOD(L20,1)>TIME(12,0,0)), 60, 0 ), IF( MOD(L20,1)<=TIME(12,0,0), (INT(L20)-INT(J20))*960, (INT(L20)-INT(J20))*1020 ) ) -> 0 | O20: =(M20-N20)/60 -> 0 | P20: =S20 | R20: =if(Q20<>"", if(R20="",NOW(),R20),"") | T20: =if(S20="Done", if(T20="",NOW(),T20),"") | V20: =Y20 | X20: =if(W20<>"", if(X20="",NOW(),X20),"") | Z20: =if(Y20="Done", if(Z20="",NOW(),Z20),"") | AB20: =AE20 | AD20: =if(AC20<>"", if(AD20="",NOW(),AD20),"") | AF20: =if(AE20="Done", if(AF20="",NOW(),AF20),"") | AG20: 0 | AI20: =E20 | AK20: =if(AJ20<>"", if(AK20="",NOW(),AK20),"") | AM20: =if(AL20="Done", if(AM20="",NOW(),AM20),"") | AN20: =IF(AND(AK20<>"",AM20<>""),(AM20-AK20)*1440,"") | AO20: =IF( INT(AK20)=INT(AM20), IF( AND(MOD(AK20,1)<TIME(12,0,0), MOD(AM20,1)>TIME(12,0,0)), 60, 0 ), IF( MOD(AM20,1)<=TIME(12,0,0), (INT(AM20)-INT(AK20))*960, (INT(AM20)-INT(AK20))*1020 ) ) -> 0 | AP20: =(AN20-AO20)/60 -> 0 | AQ20: =AT20 | AS20: =if(AR20<>"", if(AS20="",NOW(),AS20),"") | AU20: =if(AT20="Done", if(AU20="",NOW(),AU20),"") | AW20: =AZ20 | AY20: =if(AX20<>"", if(AY20="",NOW(),AY20),"") | BA20: =if(AZ20="Done", if(BA20="",NOW(),BA20),"") | BC20: =BF20 | BE20: =if(BD20<>"", if(BE20="",NOW(),BE20),"") | BG20: =if(BF20="Done", if(BG20="",NOW(),BG20),"") | BH20: 0
... A30: =IF(B30="","",COUNTA($B$3:B30)) | C30: =IF(B30="","", "PDSSVP"&TEXT(COUNTA($B$3:B30),"000")) | H30: =D30 | J30: =if(I30<>"", if(J30="",NOW(),J30),"") | L30: =if(K30="Done", if(L30="",NOW(),L30),"") | M30: =IF(AND(J30<>"",L30<>""),(L30-J30)*1440,"") | N30: =IF( INT(J30)=INT(L30), IF( AND(MOD(J30,1)<TIME(12,0,0), MOD(L30,1)>TIME(12,0,0)), 60, 0 ), IF( MOD(L30,1)<=TIME(12,0,0), (INT(L30)-INT(J30))*960, (INT(L30)-INT(J30))*1020 ) ) -> 0 | O30: =(M30-N30)/60 -> 0 | P30: =S30 | R30: =if(Q30<>"", if(R30="",NOW(),R30),"") | T30: =if(S30="Done", if(T30="",NOW(),T30),"") | V30: =Y30 | X30: =if(W30<>"", if(X30="",NOW(),X30),"") | Z30: =if(Y30="Done", if(Z30="",NOW(),Z30),"") | AB30: =AE30 | AD30: =if(AC30<>"", if(AD30="",NOW(),AD30),"") | AF30: =if(AE30="Done", if(AF30="",NOW(),AF30),"") | AG30: 0 | AI30: =E30 | AK30: =if(AJ30<>"", if(AK30="",NOW(),AK30),"") | AM30: =if(AL30="Done", if(AM30="",NOW(),AM30),"") | AN30: =IF(AND(AK30<>"",AM30<>""),(AM30-AK30)*1440,"") | AO30: =IF( INT(AK30)=INT(AM30), IF( AND(MOD(AK30,1)<TIME(12,0,0), MOD(AM30,1)>TIME(12,0,0)), 60, 0 ), IF( MOD(AM30,1)<=TIME(12,0,0), (INT(AM30)-INT(AK30))*960, (INT(AM30)-INT(AK30))*1020 ) ) -> 0 | AP30: =(AN30-AO30)/60 -> 0 | AQ30: =AT30 | AS30: =if(AR30<>"", if(AS30="",NOW(),AS30),"") | AU30: =if(AT30="Done", if(AU30="",NOW(),AU30),"") | AW30: =AZ30 | AY30: =if(AX30<>"", if(AY30="",NOW(),AY30),"") | BA30: =if(AZ30="Done", if(BA30="",NOW(),BA30),"") | BC30: =BF30 | BE30: =if(BD30<>"", if(BE30="",NOW(),BE30),"") | BG30: =if(BF30="Done", if(BG30="",NOW(),BG30),"") | BH30: 0

Sheet VISUAL BRIEF - CA
A1: Scenario List | D1: Klasifikasi | I1: Visual Brief | P1: Revision 1 | Q1: Revision 1 | V1: Revision 2 | W1: Revision 2 | AB1: QC Concept Visual Brief | AC1: Quality Check Description | AJ1: Storyboard Tactical | AQ1: Revision 1 | AR1: Revision 1 | AW1: Revision 2 | AX1: Revision 2 | BC1: QC Storyboard Tactical | BD1: Quality Visual Planning
A2: No | B2: Scenario Name | C2: Scenario Code | D2: Level Visual Brief | E2: Level Storyboard Tactical | F2: PIC Penentu | H2: Level | I2: PIC | J2: Start Time | K2: Status | L2: Finish Time | M2: Duration (Minute) | N2: Duration Pause (Minute) | O2: Duration Final (Hour) | Q2: PIC Rev 1 | R2: Start Time | S2: Status | T2: Finish Time | U2: Revision Percentage | W2: PIC Rev 2 | X2: Start Time | Y2: Status | Z2: Finish Time | AA2: Revision Percentage | AC2: PIC QC | AD2: Start Time | AE2: Status | AF2: Finish Time | AG2: QC Count | AI2: Level | AJ2: PIC | AK2: Start Time | AL2: Status | AM2: Finish Time | AN2: Duration (Minute) | AO2: Duration Pause (Minute) | AP2: Duration Final (Hour) | AR2: PIC Rev 1 | AS2: Start Time | AT2: Status | AU2: Finish Time | AV2: Revision Percentage | AX2: PIC Rev 2 | AY2: Start Time | AZ2: Status | BA2: Finish Time | BB2: Revision Percentage | BD2: PIC QC | BE2: Start Time | BF2: Status | BG2: Finish Time | BH2: QC Count
A3: =IF(B3="","",COUNTA($B$3:B3)) -> 1 | B3: The Fatal Funnel (Penggerebekan Gudang Narkoba) | C3: =IF(B3="","", "PDSSVB"&TEXT(COUNTA($B$3:B3),"000")) -> PDSSVB001 | D3: 2 | E3: 2 | F3: Dian Hasanudin | H3: =D3 -> 2 | I3: Dian Hasanudin | J3: 46153.592 | K3: Done | L3: 46153.661 | M3: =IF(AND(J3<>"",L3<>""),(L3-J3)*1440,"") -> 100 | N3: =IF( INT(J3)=INT(L3), IF( AND(MOD(J3,1)<TIME(12,0,0), MOD(L3,1)>TIME(12,0,0)), 60, 0 ), IF( MOD(L3,1)<=TIME(12,0,0), (INT(L3)-INT(J3))*960, (INT(L3)-INT(J3))*1020 ) ) -> 0 | O3: =(M3-N3)/60 -> 1.6666667 | P3: =S3 | R3: =if(Q3<>"", if(R3="",NOW(),R3),"") | T3: =if(S3="Done", if(T3="",NOW(),T3),"") | V3: =Y3 | X3: =if(W3<>"", if(X3="",NOW(),X3),"") | Z3: =if(Y3="Done", if(Z3="",NOW(),Z3),"") | AB3: =AE3 -> Done | AC3: Egi Dwi Septian | AD3: =if(AC3<>"", if(AD3="",NOW(),AD3),"") -> 46157.652 | AE3: Done | AF3: =if(AE3="Done", if(AF3="",NOW(),AF3),"") -> 46157.659 | AG3: 1 | AI3: =E3 -> 2 | AJ3: Faaidh Abdurrazzak | AK3: =if(AJ3<>"", if(AK3="",NOW(),AK3),"") -> 46160.486 | AL3: Done | AM3: =if(AL3="Done", if(AM3="",NOW(),AM3),"") -> 46161.445 | AN3: =IF(AND(AK3<>"",AM3<>""),(AM3-AK3)*1440,"") -> 1380.4115 | AO3: =IF( INT(AK3)=INT(AM3), IF( AND(MOD(AK3,1)<TIME(12,0,0), MOD(AM3,1)>TIME(12,0,0)), 60, 0 ), IF( MOD(AM3,1)<=TIME(12,0,0), (INT(AM3)-INT(AK3))*960, (INT(AM3)-INT(AK3))*1020 ) ) -> 960 | AP3: =(AN3-AO3)/60 -> 7.0068575 | AQ3: =AT3 | AS3: =if(AR3<>"", if(AS3="",NOW(),AS3),"") | AU3: =if(AT3="Done", if(AU3="",NOW(),AU3),"") | AW3: =AZ3 | AY3: =if(AX3<>"", if(AY3="",NOW(),AY3),"") | BA3: =if(AZ3="Done", if(BA3="",NOW(),BA3),"") | BC3: =BF3 | BE3: =if(BD3<>"", if(BE3="",NOW(),BE3),"") | BG3: =if(BF3="Done", if(BG3="",NOW(),BG3),"") | BH3: 0
A4: =IF(B4="","",COUNTA($B$3:B4)) -> 2 | B4: The Wrong Door (Kompleks Apartemen Padat) | C4: =IF(B4="","", "PDSSVB"&TEXT(COUNTA($B$3:B4),"000")) -> PDSSVB002 | D4: 2 | E4: 2 | F4: Dian Hasanudin | H4: =D4 -> 2 | I4: Siti Anisah Rhamadani | J4: =if(I4<>"", if(J4="",NOW(),J4),"") -> 46154.558 | K4: Done | L4: =if(K4="Done", if(L4="",NOW(),L4),"") -> 46154.624 | M4: =IF(AND(J4<>"",L4<>""),(L4-J4)*1440,"") -> 94.976683 | N4: =IF( INT(J4)=INT(L4), IF( AND(MOD(J4,1)<TIME(12,0,0), MOD(L4,1)>TIME(12,0,0)), 60, 0 ), IF( MOD(L4,1)<=TIME(12,0,0), (INT(L4)-INT(J4))*960, (INT(L4)-INT(J4))*1020 ) ) -> 0 | O4: =(M4-N4)/60 -> 1.5829447 | P4: =S4 | R4: =if(Q4<>"", if(R4="",NOW(),R4),"") | T4: =if(S4="Done", if(T4="",NOW(),T4),"") | V4: =Y4 | X4: =if(W4<>"", if(X4="",NOW(),X4),"") | Z4: =if(Y4="Done", if(Z4="",NOW(),Z4),"") | AB4: =AE4 -> Done | AC4: Dian Hasanudin | AD4: =if(AC4<>"", if(AD4="",NOW(),AD4),"") -> 46160.606 | AE4: Done | AF4: =if(AE4="Done", if(AF4="",NOW(),AF4),"") -> 46160.612 | AG4: 1 | AI4: =E4 -> 2 | AJ4: Muhamad Ade Saputra | AK4: =if(AJ4<>"", if(AK4="",NOW(),AK4),"") -> 46160.55 | AL4: Done | AM4: =if(AL4="Done", if(AM4="",NOW(),AM4),"") -> 46161.657 | AN4: =IF(AND(AK4<>"",AM4<>""),(AM4-AK4)*1440,"") -> 1593.6075 | AO4: =IF( INT(AK4)=INT(AM4), IF( AND(MOD(AK4,1)<TIME(12,0,0), MOD(AM4,1)>TIME(12,0,0)), 60, 0 ), IF( MOD(AM4,1)<=TIME(12,0,0), (INT(AM4)-INT(AK4))*960, (INT(AM4)-INT(AK4))*1020 ) ) -> 1020 | AP4: =(AN4-AO4)/60 -> 9.5601256 | AQ4: =AT4 | AS4: =if(AR4<>"", if(AS4="",NOW(),AS4),"") | AU4: =if(AT4="Done", if(AU4="",NOW(),AU4),"") | AW4: =AZ4 | AY4: =if(AX4<>"", if(AY4="",NOW(),AY4),"") | BA4: =if(AZ4="Done", if(BA4="",NOW(),BA4),"") | BC4: =BF4 | BE4: =if(BD4<>"", if(BE4="",NOW(),BE4),"") | BG4: =if(BF4="Done", if(BG4="",NOW(),BG4),"") | BH4: 0
A5: =IF(B5="","",COUNTA($B$3:B5)) -> 3 | B5: First Light (Operasi Cakrawala) | C5: =IF(B5="","", "PDSSVB"&TEXT(COUNTA($B$3:B5),"000")) -> PDSSVB003 | D5: 2 | E5: 2 | F5: Dian Hasanudin | H5: =D5 -> 2 | I5: Siti Anisah Rhamadani | J5: =if(I5<>"", if(J5="",NOW(),J5),"") -> 46154.624 | K5: Done | L5: =if(K5="Done", if(L5="",NOW(),L5),"") -> 46154.685 | M5: =IF(AND(J5<>"",L5<>""),(L5-J5)*1440,"") -> 88.230317 | N5: =IF( INT(J5)=INT(L5), IF( AND(MOD(J5,1)<TIME(12,0,0), MOD(L5,1)>TIME(12,0,0)), 60, 0 ), IF( MOD(L5,1)<=TIME(12,0,0), (INT(L5)-INT(J5))*960, (INT(L5)-INT(J5))*1020 ) ) -> 0 | O5: =(M5-N5)/60 -> 1.4705053 | P5: =S5 | R5: =if(Q5<>"", if(R5="",NOW(),R5),"") | T5: =if(S5="Done", if(T5="",NOW(),T5),"") | V5: =Y5 | X5: =if(W5<>"", if(X5="",NOW(),X5),"") | Z5: =if(Y5="Done", if(Z5="",NOW(),Z5),"") | AB5: =AE5 -> Done | AC5: Dian Hasanudin | AD5: =if(AC5<>"", if(AD5="",NOW(),AD5),"") -> 46161.482 | AE5: Done | AF5: =if(AE5="Done", if(AF5="",NOW(),AF5),"") -> 46161.491 | AG5: 1 | AI5: =E5 -> 2 | AJ5: Faaidh Abdurrazzak | AK5: =if(AJ5<>"", if(AK5="",NOW(),AK5),"") -> 46161.481 | AL5: Done | AM5: =if(AL5="Done", if(AM5="",NOW(),AM5),"") -> 46162.622 | AN5: =IF(AND(AK5<>"",AM5<>""),(AM5-AK5)*1440,"") -> 1643.0473 | AO5: =IF( INT(AK5)=INT(AM5), IF( AND(MOD(AK5,1)<TIME(12,0,0), MOD(AM5,1)>TIME(12,0,0)), 60, 0 ), IF( MOD(AM5,1)<=TIME(12,0,0), (INT(AM5)-INT(AK5))*960, (INT(AM5)-INT(AK5))*1020 ) ) -> 1020 | AP5: =(AN5-AO5)/60 -> 10.384121 | AQ5: =AT5 | AS5: =if(AR5<>"", if(AS5="",NOW(),AS5),"") | AU5: =if(AT5="Done", if(AU5="",NOW(),AU5),"") | AW5: =AZ5 | AY5: =if(AX5<>"", if(AY5="",NOW(),AY5),"") | BA5: =if(AZ5="Done", if(BA5="",NOW(),BA5),"") | BC5: =BF5 | BE5: =if(BD5<>"", if(BE5="",NOW(),BE5),"") | BG5: =if(BF5="Done", if(BG5="",NOW(),BG5),"") | BH5: 0
A6: =IF(B6="","",COUNTA($B$3:B6)) -> 4 | B6: Skyjack Crisis (Pembajakan Pesawat Komersial) | C6: =IF(B6="","", "PDSSVB"&TEXT(COUNTA($B$3:B6),"000")) -> PDSSVB004 | D6: 2 | E6: 2 | F6: Dian Hasanudin | H6: =D6 -> 2 | I6: Siti Anisah Rhamadani | J6: =if(I6<>"", if(J6="",NOW(),J6),"") -> 46155.377 | K6: Done | L6: =if(K6="Done", if(L6="",NOW(),L6),"") -> 46155.416 | M6: =IF(AND(J6<>"",L6<>""),(L6-J6)*1440,"") -> 55.809767 | N6: =IF( INT(J6)=INT(L6), IF( AND(MOD(J6,1)<TIME(12,0,0), MOD(L6,1)>TIME(12,0,0)), 60, 0 ), IF( MOD(L6,1)<=TIME(12,0,0), (INT(L6)-INT(J6))*960, (INT(L6)-INT(J6))*1020 ) ) -> 0 | O6: =(M6-N6)/60 -> 0.93016278 | P6: =S6 | R6: =if(Q6<>"", if(R6="",NOW(),R6),"") | T6: =if(S6="Done", if(T6="",NOW(),T6),"") | V6: =Y6 | X6: =if(W6<>"", if(X6="",NOW(),X6),"") | Z6: =if(Y6="Done", if(Z6="",NOW(),Z6),"") | AB6: =AE6 -> Done | AC6: Dian Hasanudin | AD6: =if(AC6<>"", if(AD6="",NOW(),AD6),"") -> 46161.491 | AE6: Done | AF6: =if(AE6="Done", if(AF6="",NOW(),AF6),"") -> 46161.499 | AG6: 1 | AI6: =E6 -> 2 | AJ6: Faaidh Abdurrazzak | AK6: =if(AJ6<>"", if(AK6="",NOW(),AK6),"") -> 46167.391 | AL6: Done | AM6: =if(AL6="Done", if(AM6="",NOW(),AM6),"") -> 46167.58 | AN6: =IF(AND(AK6<>"",AM6<>""),(AM6-AK6)*1440,"") -> 272.45502 | AO6: =IF( INT(AK6)=INT(AM6), IF( AND(MOD(AK6,1)<TIME(12,0,0), MOD(AM6,1)>TIME(12,0,0)), 60, 0 ), IF( MOD(AM6,1)<=TIME(12,0,0), (INT(AM6)-INT(AK6))*960, (INT(AM6)-INT(AK6))*1020 ) ) -> 60 | AP6: =(AN6-AO6)/60 -> 3.5409169 | AQ6: =AT6 | AS6: =if(AR6<>"", if(AS6="",NOW(),AS6),"") | AU6: =if(AT6="Done", if(AU6="",NOW(),AU6),"") | AW6: =AZ6 | AY6: =if(AX6<>"", if(AY6="",NOW(),AY6),"") | BA6: =if(AZ6="Done", if(BA6="",NOW(),BA6),"") | BC6: =BF6 | BE6: =if(BD6<>"", if(BE6="",NOW(),BE6),"") | BG6: =if(BF6="Done", if(BG6="",NOW(),BG6),"") | BH6: 0
A7: =IF(B7="","",COUNTA($B$3:B7)) -> 5 | B7: Human Shield (Perampokan Bank) | C7: =IF(B7="","", "PDSSVB"&TEXT(COUNTA($B$3:B7),"000")) -> PDSSVB005 | D7: 2 | E7: 2 | F7: Dian Hasanudin | H7: =D7 -> 2 | I7: Siti Anisah Rhamadani | J7: =if(I7<>"", if(J7="",NOW(),J7),"") -> 46155.416 | K7: Done | L7: =if(K7="Done", if(L7="",NOW(),L7),"") -> 46155.613 | M7: =IF(AND(J7<>"",L7<>""),(L7-J7)*1440,"") -> 284.10613 | N7: =IF( INT(J7)=INT(L7), IF( AND(MOD(J7,1)<TIME(12,0,0), MOD(L7,1)>TIME(12,0,0)), 60, 0 ), IF( MOD(L7,1)<=TIME(12,0,0), (INT(L7)-INT(J7))*960, (INT(L7)-INT(J7))*1020 ) ) -> 60 | O7: =(M7-N7)/60 -> 3.7351022 | P7: =S7 | R7: =if(Q7<>"", if(R7="",NOW(),R7),"") | T7: =if(S7="Done", if(T7="",NOW(),T7),"") | V7: =Y7 | X7: =if(W7<>"", if(X7="",NOW(),X7),"") | Z7: =if(Y7="Done", if(Z7="",NOW(),Z7),"") | AB7: =AE7 -> Done | AC7: Dian Hasanudin | AD7: =if(AC7<>"", if(AD7="",NOW(),AD7),"") -> 46161.66 | AE7: Done | AF7: =if(AE7="Done", if(AF7="",NOW(),AF7),"") -> 46161.704 | AG7: 1 | AI7: =E7 -> 2 | AJ7: Muhamad Ade Saputra | AK7: =if(AJ7<>"", if(AK7="",NOW(),AK7),"") -> 46161.657 | AL7: Done | AM7: =if(AL7="Done", if(AM7="",NOW(),AM7),"") -> 46162.667 | AN7: =IF(AND(AK7<>"",AM7<>""),(AM7-AK7)*1440,"") -> 1453.7265 | AO7: =IF( INT(AK7)=INT(AM7), IF( AND(MOD(AK7,1)<TIME(12,0,0), MOD(AM7,1)>TIME(12,0,0)), 60, 0 ), IF( MOD(AM7,1)<=TIME(12,0,0), (INT(AM7)-INT(AK7))*960, (INT(AM7)-INT(AK7))*1020 ) ) -> 1020 | AP7: =(AN7-AO7)/60 -> 7.228775 | AQ7: =AT7 | AS7: =if(AR7<>"", if(AS7="",NOW(),AS7),"") | AU7: =if(AT7="Done", if(AU7="",NOW(),AU7),"") | AW7: =AZ7 | AY7: =if(AX7<>"", if(AY7="",NOW(),AY7),"") | BA7: =if(AZ7="Done", if(BA7="",NOW(),BA7),"") | BC7: =BF7 | BE7: =if(BD7<>"", if(BE7="",NOW(),BE7),"") | BG7: =if(BF7="Done", if(BG7="",NOW(),BG7),"") | BH7: 0
A8: =IF(B8="","",COUNTA($B$3:B8)) -> 6 | B8: The Blind Corner (Penyisiran Lorong Sempit) | C8: =IF(B8="","", "PDSSVB"&TEXT(COUNTA($B$3:B8),"000")) -> PDSSVB006 | D8: 2 | E8: 2 | F8: Dian Hasanudin | H8: =D8 -> 2 | I8: Siti Anisah Rhamadani | J8: =if(I8<>"", if(J8="",NOW(),J8),"") -> 46155.613 | K8: Done | L8: =if(K8="Done", if(L8="",NOW(),L8),"") -> 46155.613 | M8: =IF(AND(J8<>"",L8<>""),(L8-J8)*1440,"") -> 0 | N8: =IF( INT(J8)=INT(L8), IF( AND(MOD(J8,1)<TIME(12,0,0), MOD(L8,1)>TIME(12,0,0)), 60, 0 ), IF( MOD(L8,1)<=TIME(12,0,0), (INT(L8)-INT(J8))*960, (INT(L8)-INT(J8))*1020 ) ) -> 0 | O8: =(M8-N8)/60 -> 0 | P8: =S8 | R8: =if(Q8<>"", if(R8="",NOW(),R8),"") | T8: =if(S8="Done", if(T8="",NOW(),T8),"") | V8: =Y8 | X8: =if(W8<>"", if(X8="",NOW(),X8),"") | Z8: =if(Y8="Done", if(Z8="",NOW(),Z8),"") | AB8: =AE8 -> Done | AC8: Dian Hasanudin | AD8: =if(AC8<>"", if(AD8="",NOW(),AD8),"") -> 46162.622 | AE8: Done | AF8: =if(AE8="Done", if(AF8="",NOW(),AF8),"") -> 46162.651 | AG8: 1 | AI8: =E8 -> 2 | AJ8: Muhamad Ade Saputra | AK8: =if(AJ8<>"", if(AK8="",NOW(),AK8),"") -> 46162.667 | AL8: Done | AM8: =if(AL8="Done", if(AM8="",NOW(),AM8),"") -> 46163.682 | AN8: =IF(AND(AK8<>"",AM8<>""),(AM8-AK8)*1440,"") -> 1462.017 | AO8: =IF( INT(AK8)=INT(AM8), IF( AND(MOD(AK8,1)<TIME(12,0,0), MOD(AM8,1)>TIME(12,0,0)), 60, 0 ), IF( MOD(AM8,1)<=TIME(12,0,0), (INT(AM8)-INT(AK8))*960, (INT(AM8)-INT(AK8))*1020 ) ) -> 1020 | AP8: =(AN8-AO8)/60 -> 7.3669503 | AQ8: =AT8 | AS8: =if(AR8<>"", if(AS8="",NOW(),AS8),"") | AU8: =if(AT8="Done", if(AU8="",NOW(),AU8),"") | AW8: =AZ8 | AY8: =if(AX8<>"", if(AY8="",NOW(),AY8),"") | BA8: =if(AZ8="Done", if(BA8="",NOW(),BA8),"") | BC8: =BF8 | BE8: =if(BD8<>"", if(BE8="",NOW(),BE8),"") | BG8: =if(BF8="Done", if(BG8="",NOW(),BG8),"") | BH8: 0
A9: =IF(B9="","",COUNTA($B$3:B9)) -> 7 | B9: The Executive Transport (Penyergapan Konvoi) | C9: =IF(B9="","", "PDSSVB"&TEXT(COUNTA($B$3:B9),"000")) -> PDSSVB007 | D9: 2 | E9: 2 | F9: Dian Hasanudin | H9: =D9 -> 2 | I9: Siti Anisah Rhamadani | J9: =if(I9<>"", if(J9="",NOW(),J9),"") -> 46155.613 | K9: Done | L9: =if(K9="Done", if(L9="",NOW(),L9),"") -> 46155.613 | M9: =IF(AND(J9<>"",L9<>""),(L9-J9)*1440,"") -> 0 | N9: =IF( INT(J9)=INT(L9), IF( AND(MOD(J9,1)<TIME(12,0,0), MOD(L9,1)>TIME(12,0,0)), 60, 0 ), IF( MOD(L9,1)<=TIME(12,0,0), (INT(L9)-INT(J9))*960, (INT(L9)-INT(J9))*1020 ) ) -> 0 | O9: =(M9-N9)/60 -> 0 | P9: =S9 | R9: =if(Q9<>"", if(R9="",NOW(),R9),"") | T9: =if(S9="Done", if(T9="",NOW(),T9),"") | V9: =Y9 | X9: =if(W9<>"", if(X9="",NOW(),X9),"") | Z9: =if(Y9="Done", if(Z9="",NOW(),Z9),"") | AB9: =AE9 -> Done | AC9: Dian Hasanudin | AD9: =if(AC9<>"", if(AD9="",NOW(),AD9),"") -> 46162.677 | AE9: Done | AF9: =if(AE9="Done", if(AF9="",NOW(),AF9),"") -> 46162.686 | AG9: 1 | AI9: =E9 -> 2 | AJ9: Faaidh Abdurrazzak | AK9: =if(AJ9<>"", if(AK9="",NOW(),AK9),"") -> 46162.674 | AL9: Done | AM9: =if(AL9="Done", if(AM9="",NOW(),AM9),"") -> 46163.624 | AN9: =IF(AND(AK9<>"",AM9<>""),(AM9-AK9)*1440,"") -> 1368.4846 | AO9: =IF( INT(AK9)=INT(AM9), IF( AND(MOD(AK9,1)<TIME(12,0,0), MOD(AM9,1)>TIME(12,0,0)), 60, 0 ), IF( MOD(AM9,1)<=TIME(12,0,0), (INT(AM9)-INT(AK9))*960, (INT(AM9)-INT(AK9))*1020 ) ) -> 1020 | AP9: =(AN9-AO9)/60 -> 5.8080767 | AQ9: =AT9 | AS9: =if(AR9<>"", if(AS9="",NOW(),AS9),"") | AU9: =if(AT9="Done", if(AU9="",NOW(),AU9),"") | AW9: =AZ9 | AY9: =if(AX9<>"", if(AY9="",NOW(),AY9),"") | BA9: =if(AZ9="Done", if(BA9="",NOW(),BA9),"") | BC9: =BF9 | BE9: =if(BD9<>"", if(BE9="",NOW(),BE9),"") | BG9: =if(BF9="Done", if(BG9="",NOW(),BG9),"") | BH9: 0
A10: =IF(B10="","",COUNTA($B$3:B10)) -> 8 | B10: The Eagle's Nest (Operasi Cakar Elang) | C10: =IF(B10="","", "PDSSVB"&TEXT(COUNTA($B$3:B10),"000")) -> PDSSVB008 | D10: 2 | E10: 2 | F10: Dian Hasanudin | H10: =D10 -> 2 | I10: Siti Anisah Rhamadani | J10: =if(I10<>"", if(J10="",NOW(),J10),"") -> 46155.613 | K10: Done | L10: =if(K10="Done", if(L10="",NOW(),L10),"") -> 46157.427 | M10: =IF(AND(J10<>"",L10<>""),(L10-J10)*1440,"") -> 2612.2289 | N10: =IF( INT(J10)=INT(L10), IF( AND(MOD(J10,1)<TIME(12,0,0), MOD(L10,1)>TIME(12,0,0)), 60, 0 ), IF( MOD(L10,1)<=TIME(12,0,0), (INT(L10)-INT(J10))*960, (INT(L10)-INT(J10))*1020 ) ) -> 1920 | O10: =(M10-N10)/60 -> 11.537148 | P10: =S10 | R10: =if(Q10<>"", if(R10="",NOW(),R10),"") | T10: =if(S10="Done", if(T10="",NOW(),T10),"") | V10: =Y10 | X10: =if(W10<>"", if(X10="",NOW(),X10),"") | Z10: =if(Y10="Done", if(Z10="",NOW(),Z10),"") | AB10: =AE10 -> Done | AC10: Dian Hasanudin | AD10: =if(AC10<>"", if(AD10="",NOW(),AD10),"") -> 46163.588 | AE10: Done | AF10: =if(AE10="Done", if(AF10="",NOW(),AF10),"") -> 46163.621 | AG10: 1 | AI10: =E10 -> 2 | AJ10: Faaidh Abdurrazzak | AK10: =if(AJ10<>"", if(AK10="",NOW(),AK10),"") -> 46163.624 | AL10: Done | AM10: =if(AL10="Done", if(AM10="",NOW(),AM10),"") -> 46164.699 | AN10: =IF(AND(AK10<>"",AM10<>""),(AM10-AK10)*1440,"") -> 1548.2859 | AO10: =IF( INT(AK10)=INT(AM10), IF( AND(MOD(AK10,1)<TIME(12,0,0), MOD(AM10,1)>TIME(12,0,0)), 60, 0 ), IF( MOD(AM10,1)<=TIME(12,0,0), (INT(AM10)-INT(AK10))*960, (INT(AM10)-INT(AK10))*1020 ) ) -> 1020 | AP10: =(AN10-AO10)/60 -> 8.8047644 | AQ10: =AT10 | AS10: =if(AR10<>"", if(AS10="",NOW(),AS10),"") | AU10: =if(AT10="Done", if(AU10="",NOW(),AU10),"") | AW10: =AZ10 | AY10: =if(AX10<>"", if(AY10="",NOW(),AY10),"") | BA10: =if(AZ10="Done", if(BA10="",NOW(),BA10),"") | BC10: =BF10 | BE10: =if(BD10<>"", if(BE10="",NOW(),BE10),"") | BG10: =if(BF10="Done", if(BG10="",NOW(),BG10),"") | BH10: 0
A11: =IF(B11="","",COUNTA($B$3:B11)) -> 9 | B11: Campus Panic (Serangan Kampus) | C11: =IF(B11="","", "PDSSVB"&TEXT(COUNTA($B$3:B11),"000")) -> PDSSVB009 | D11: 2 | E11: 2 | F11: Dian Hasanudin | H11: =D11 -> 2 | I11: Siti Anisah Rhamadani | J11: =if(I11<>"", if(J11="",NOW(),J11),"") -> 46155.625 | K11: Done | L11: =if(K11="Done", if(L11="",NOW(),L11),"") -> 46157.502 | M11: =IF(AND(J11<>"",L11<>""),(L11-J11)*1440,"") -> 2702.9538 | N11: =IF( INT(J11)=INT(L11), IF( AND(MOD(J11,1)<TIME(12,0,0), MOD(L11,1)>TIME(12,0,0)), 60, 0 ), IF( MOD(L11,1)<=TIME(12,0,0), (INT(L11)-INT(J11))*960, (INT(L11)-INT(J11))*1020 ) ) -> 2040 | O11: =(M11-N11)/60 -> 11.04923 | P11: =S11 | R11: =if(Q11<>"", if(R11="",NOW(),R11),"") | T11: =if(S11="Done", if(T11="",NOW(),T11),"") | V11: =Y11 | X11: =if(W11<>"", if(X11="",NOW(),X11),"") | Z11: =if(Y11="Done", if(Z11="",NOW(),Z11),"") | AB11: =AE11 -> Done | AC11: Dian Hasanudin | AD11: =if(AC11<>"", if(AD11="",NOW(),AD11),"") -> 46163.634 | AE11: Done | AF11: =if(AE11="Done", if(AF11="",NOW(),AF11),"") -> 46163.681 | AG11: 1 | AI11: =E11 -> 2 | AJ11: Muhamad Ade Saputra | AK11: =if(AJ11<>"", if(AK11="",NOW(),AK11),"") -> 46163.684 | AL11: Done | AM11: =if(AL11="Done", if(AM11="",NOW(),AM11),"") -> 46167.423 | AN11: =IF(AND(AK11<>"",AM11<>""),(AM11-AK11)*1440,"") -> 5384.0733 | AO11: =IF( INT(AK11)=INT(AM11), IF( AND(MOD(AK11,1)<TIME(12,0,0), MOD(AM11,1)>TIME(12,0,0)), 60, 0 ), IF( MOD(AM11,1)<=TIME(12,0,0), (INT(AM11)-INT(AK11))*960, (INT(AM11)-INT(AK11))*1020 ) ) -> 3840 | AP11: =(AN11-AO11)/60 -> 25.734554 | AQ11: =AT11 | AS11: =if(AR11<>"", if(AS11="",NOW(),AS11),"") | AU11: =if(AT11="Done", if(AU11="",NOW(),AU11),"") | AW11: =AZ11 | AY11: =if(AX11<>"", if(AY11="",NOW(),AY11),"") | BA11: =if(AZ11="Done", if(BA11="",NOW(),BA11),"") | BC11: =BF11 | BE11: =if(BD11<>"", if(BE11="",NOW(),BE11),"") | BG11: =if(BF11="Done", if(BG11="",NOW(),BG11),"") | BH11: 0
A12: =IF(B12="","",COUNTA($B$3:B12)) -> 10 | B12: Subway Station (Sabotase Stasiun Kereta Bawah Tanah) | C12: =IF(B12="","", "PDSSVB"&TEXT(COUNTA($B$3:B12),"000")) -> PDSSVB010 | D12: 2 | E12: 2 | F12: Dian Hasanudin | H12: =D12 -> 2 | I12: Siti Anisah Rhamadani | J12: =if(I12<>"", if(J12="",NOW(),J12),"") -> 46155.659 | K12: Done | L12: =if(K12="Done", if(L12="",NOW(),L12),"") -> 46157.502 | M12: =IF(AND(J12<>"",L12<>""),(L12-J12)*1440,"") -> 2654.2645 | N12: =IF( INT(J12)=INT(L12), IF( AND(MOD(J12,1)<TIME(12,0,0), MOD(L12,1)>TIME(12,0,0)), 60, 0 ), IF( MOD(L12,1)<=TIME(12,0,0), (INT(L12)-INT(J12))*960, (INT(L12)-INT(J12))*1020 ) ) -> 2040 | O12: =(M12-N12)/60 -> 10.237741 | P12: =S12 | R12: =if(Q12<>"", if(R12="",NOW(),R12),"") | T12: =if(S12="Done", if(T12="",NOW(),T12),"") | V12: =Y12 | X12: =if(W12<>"", if(X12="",NOW(),X12),"") | Z12: =if(Y12="Done", if(Z12="",NOW(),Z12),"") | AB12: =AE12 -> Done | AC12: Dian Hasanudin | AD12: =if(AC12<>"", if(AD12="",NOW(),AD12),"") -> 46164.57 | AE12: Done | AF12: =if(AE12="Done", if(AF12="",NOW(),AF12),"") -> 46164.617 | AG12: 1 | AI12: =E12 -> 2 | AJ12: Muhamad Ade Saputra | AK12: =if(AJ12<>"", if(AK12="",NOW(),AK12),"") -> 46167.423 | AL12: Done | AM12: =if(AL12="Done", if(AM12="",NOW(),AM12),"") -> 46167.633 | AN12: =IF(AND(AK12<>"",AM12<>""),(AM12-AK12)*1440,"") -> 302.53002 | AO12: =IF( INT(AK12)=INT(AM12), IF( AND(MOD(AK12,1)<TIME(12,0,0), MOD(AM12,1)>TIME(12,0,0)), 60, 0 ), IF( MOD(AM12,1)<=TIME(12,0,0), (INT(AM12)-INT(AK12))*960, (INT(AM12)-INT(AK12))*1020 ) ) -> 60 | AP12: =(AN12-AO12)/60 -> 4.0421669 | AQ12: =AT12 | AS12: =if(AR12<>"", if(AS12="",NOW(),AS12),"") | AU12: =if(AT12="Done", if(AU12="",NOW(),AU12),"") | AW12: =AZ12 | AY12: =if(AX12<>"", if(AY12="",NOW(),AY12),"") | BA12: =if(AZ12="Done", if(BA12="",NOW(),BA12),"") | BC12: =BF12 | BE12: =if(BD12<>"", if(BE12="",NOW(),BE12),"") | BG12: =if(BF12="Done", if(BG12="",NOW(),BG12),"") | BH12: 0
A13: =IF(B13="","",COUNTA($B$3:B13)) -> 11 | B13: Power Outage Hospital (Serbuan Penjarah Fasilitas Medis) | C13: =IF(B13="","", "PDSSVB"&TEXT(COUNTA($B$3:B13),"000")) -> PDSSVB011 | D13: 2 | E13: 2 | F13: Dian Hasanudin | H13: =D13 -> 2 | I13: Siti Anisah Rhamadani | J13: =if(I13<>"", if(J13="",NOW(),J13),"") -> 46157.42 | K13: Done | L13: =if(K13="Done", if(L13="",NOW(),L13),"") -> 46157.42 | M13: =IF(AND(J13<>"",L13<>""),(L13-J13)*1440,"") -> 0 | N13: =IF( INT(J13)=INT(L13), IF( AND(MOD(J13,1)<TIME(12,0,0), MOD(L13,1)>TIME(12,0,0)), 60, 0 ), IF( MOD(L13,1)<=TIME(12,0,0), (INT(L13)-INT(J13))*960, (INT(L13)-INT(J13))*1020 ) ) -> 0 | O13: =(M13-N13)/60 -> 0 | P13: =S13 | R13: =if(Q13<>"", if(R13="",NOW(),R13),"") | T13: =if(S13="Done", if(T13="",NOW(),T13),"") | V13: =Y13 | X13: =if(W13<>"", if(X13="",NOW(),X13),"") | Z13: =if(Y13="Done", if(Z13="",NOW(),Z13),"") | AB13: =AE13 -> Done | AC13: Dian Hasanudin | AD13: =if(AC13<>"", if(AD13="",NOW(),AD13),"") -> 46167.414 | AE13: Done | AF13: =if(AE13="Done", if(AF13="",NOW(),AF13),"") -> 46167.457 | AG13: 1 | AI13: =E13 -> 2 | AJ13: Faaidh Abdurrazzak | AK13: =if(AJ13<>"", if(AK13="",NOW(),AK13),"") -> 46167.58 | AL13: Done | AM13: =if(AL13="Done", if(AM13="",NOW(),AM13),"") -> 46168.679 | AN13: =IF(AND(AK13<>"",AM13<>""),(AM13-AK13)*1440,"") -> 1581.2963 | AO13: =IF( INT(AK13)=INT(AM13), IF( AND(MOD(AK13,1)<TIME(12,0,0), MOD(AM13,1)>TIME(12,0,0)), 60, 0 ), IF( MOD(AM13,1)<=TIME(12,0,0), (INT(AM13)-INT(AK13))*960, (INT(AM13)-INT(AK13))*1020 ) ) -> 1020 | AP13: =(AN13-AO13)/60 -> 9.3549381 | AQ13: =AT13 | AS13: =if(AR13<>"", if(AS13="",NOW(),AS13),"") | AU13: =if(AT13="Done", if(AU13="",NOW(),AU13),"") | AW13: =AZ13 | AY13: =if(AX13<>"", if(AY13="",NOW(),AY13),"") | BA13: =if(AZ13="Done", if(BA13="",NOW(),BA13),"") | BC13: =BF13 | BE13: =if(BD13<>"", if(BE13="",NOW(),BE13),"") | BG13: =if(BF13="Done", if(BG13="",NOW(),BG13),"") | BH13: 0
A14: =IF(B14="","",COUNTA($B$3:B14)) -> 12 | B14: Midnight Harbour (Penyergapan Dermaga Malam) | C14: =IF(B14="","", "PDSSVB"&TEXT(COUNTA($B$3:B14),"000")) -> PDSSVB012 | D14: 2 | E14: 2 | F14: Dian Hasanudin | H14: =D14 -> 2 | I14: Siti Anisah Rhamadani | J14: =if(I14<>"", if(J14="",NOW(),J14),"") -> 46157.502 | K14: Done | L14: =if(K14="Done", if(L14="",NOW(),L14),"") -> 46157.584 | M14: =IF(AND(J14<>"",L14<>""),(L14-J14)*1440,"") -> 117.3293 | N14: =IF( INT(J14)=INT(L14), IF( AND(MOD(J14,1)<TIME(12,0,0), MOD(L14,1)>TIME(12,0,0)), 60, 0 ), IF( MOD(L14,1)<=TIME(12,0,0), (INT(L14)-INT(J14))*960, (INT(L14)-INT(J14))*1020 ) ) -> 0 | O14: =(M14-N14)/60 -> 1.9554883 | P14: =S14 | R14: =if(Q14<>"", if(R14="",NOW(),R14),"") | T14: =if(S14="Done", if(T14="",NOW(),T14),"") | V14: =Y14 | X14: =if(W14<>"", if(X14="",NOW(),X14),"") | Z14: =if(Y14="Done", if(Z14="",NOW(),Z14),"") | AB14: =AE14 -> Done | AC14: Dian Hasanudin | AD14: =if(AC14<>"", if(AD14="",NOW(),AD14),"") -> 46167.46 | AE14: Done | AF14: =if(AE14="Done", if(AF14="",NOW(),AF14),"") -> 46167.5 | AG14: 1 | AI14: =E14 -> 2 | AJ14: Muhamad Ade Saputra | AK14: =if(AJ14<>"", if(AK14="",NOW(),AK14),"") -> 46167.633 | AL14: Done | AM14: =if(AL14="Done", if(AM14="",NOW(),AM14),"") -> 46168.679 | AN14: =IF(AND(AK14<>"",AM14<>""),(AM14-AK14)*1440,"") -> 1506.3087 | AO14: =IF( INT(AK14)=INT(AM14), IF( AND(MOD(AK14,1)<TIME(12,0,0), MOD(AM14,1)>TIME(12,0,0)), 60, 0 ), IF( MOD(AM14,1)<=TIME(12,0,0), (INT(AM14)-INT(AK14))*960, (INT(AM14)-INT(AK14))*1020 ) ) -> 1020 | AP14: =(AN14-AO14)/60 -> 8.105145 | AQ14: =AT14 | AS14: =if(AR14<>"", if(AS14="",NOW(),AS14),"") | AU14: =if(AT14="Done", if(AU14="",NOW(),AU14),"") | AW14: =AZ14 | AY14: =if(AX14<>"", if(AY14="",NOW(),AY14),"") | BA14: =if(AZ14="Done", if(BA14="",NOW(),BA14),"") | BC14: =BF14 | BE14: =if(BD14<>"", if(BE14="",NOW(),BE14),"") | BG14: =if(BF14="Done", if(BG14="",NOW(),BG14),"") | BH14: 0
A15: =IF(B15="","",COUNTA($B$3:B15)) -> 13 | B15: Phantom Protocol (Operasi Bayang Hitam) | C15: =IF(B15="","", "PDSSVB"&TEXT(COUNTA($B$3:B15),"000")) -> PDSSVB013 | D15: 2 | E15: 2 | F15: Dian Hasanudin | H15: =D15 -> 2 | I15: Siti Anisah Rhamadani | J15: =if(I15<>"", if(J15="",NOW(),J15),"") -> 46157.584 | K15: Done | L15: =if(K15="Done", if(L15="",NOW(),L15),"") -> 46157.633 | M15: =IF(AND(J15<>"",L15<>""),(L15-J15)*1440,"") -> 71.392283 | N15: =IF( INT(J15)=INT(L15), IF( AND(MOD(J15,1)<TIME(12,0,0), MOD(L15,1)>TIME(12,0,0)), 60, 0 ), IF( MOD(L15,1)<=TIME(12,0,0), (INT(L15)-INT(J15))*960, (INT(L15)-INT(J15))*1020 ) ) -> 0 | O15: =(M15-N15)/60 -> 1.1898714 | P15: =S15 | R15: =if(Q15<>"", if(R15="",NOW(),R15),"") | T15: =if(S15="Done", if(T15="",NOW(),T15),"") | V15: =Y15 | X15: =if(W15<>"", if(X15="",NOW(),X15),"") | Z15: =if(Y15="Done", if(Z15="",NOW(),Z15),"") | AB15: =AE15 -> Done | AC15: Dian Hasanudin | AD15: =if(AC15<>"", if(AD15="",NOW(),AD15),"") -> 46167.608 | AE15: Done | AF15: =if(AE15="Done", if(AF15="",NOW(),AF15),"") -> 46167.618 | AG15: 1 | AI15: =E15 -> 2 | AJ15: Faaidh Abdurrazzak | AK15: =if(AJ15<>"", if(AK15="",NOW(),AK15),"") -> 46175.377 | AL15: Done | AM15: =if(AL15="Done", if(AM15="",NOW(),AM15),"") -> 46175.576 | AN15: =IF(AND(AK15<>"",AM15<>""),(AM15-AK15)*1440,"") -> 287.94103 | AO15: =IF( INT(AK15)=INT(AM15), IF( AND(MOD(AK15,1)<TIME(12,0,0), MOD(AM15,1)>TIME(12,0,0)), 60, 0 ), IF( MOD(AM15,1)<=TIME(12,0,0), (INT(AM15)-INT(AK15))*960, (INT(AM15)-INT(AK15))*1020 ) ) -> 60 | AP15: =(AN15-AO15)/60 -> 3.7990172 | AQ15: =AT15 | AS15: =if(AR15<>"", if(AS15="",NOW(),AS15),"") | AU15: =if(AT15="Done", if(AU15="",NOW(),AU15),"") | AW15: =AZ15 | AY15: =if(AX15<>"", if(AY15="",NOW(),AY15),"") | BA15: =if(AZ15="Done", if(BA15="",NOW(),BA15),"") | BC15: =BF15 | BE15: =if(BD15<>"", if(BE15="",NOW(),BE15),"") | BG15: =if(BF15="Done", if(BG15="",NOW(),BG15),"") | BH15: 0
... A17: =IF(B17="","",COUNTA($B$3:B17)) -> 15 | B17: Last Light (Operasi Fajar Terakhir) | C17: =IF(B17="","", "PDSSVB"&TEXT(COUNTA($B$3:B17),"000")) -> PDSSVB015 | D17: 2 | E17: 2 | F17: Dian Hasanudin | H17: =D17 -> 2 | I17: Siti Anisah Rhamadani | J17: =if(I17<>"", if(J17="",NOW(),J17),"") -> 46157.673 | K17: Done | L17: =if(K17="Done", if(L17="",NOW(),L17),"") -> 46157.696 | M17: =IF(AND(J17<>"",L17<>""),(L17-J17)*1440,"") -> 32.7933 | N17: =IF( INT(J17)=INT(L17), IF( AND(MOD(J17,1)<TIME(12,0,0), MOD(L17,1)>TIME(12,0,0)), 60, 0 ), IF( MOD(L17,1)<=TIME(12,0,0), (INT(L17)-INT(J17))*960, (INT(L17)-INT(J17))*1020 ) ) -> 0 | O17: =(M17-N17)/60 -> 0.546555 | P17: =S17 | R17: =if(Q17<>"", if(R17="",NOW(),R17),"") | T17: =if(S17="Done", if(T17="",NOW(),T17),"") | V17: =Y17 | X17: =if(W17<>"", if(X17="",NOW(),X17),"") | Z17: =if(Y17="Done", if(Z17="",NOW(),Z17),"") | AB17: =AE17 -> Done | AC17: Dian Hasanudin | AD17: =if(AC17<>"", if(AD17="",NOW(),AD17),"") -> 46168.584 | AE17: Done | AF17: =if(AE17="Done", if(AF17="",NOW(),AF17),"") -> 46168.629 | AG17: 1 | AI17: =E17 -> 2 | AJ17: Faaidh Abdurrazzak | AK17: =if(AJ17<>"", if(AK17="",NOW(),AK17),"") -> 46175.577 | AL17: Done | AM17: =if(AL17="Done", if(AM17="",NOW(),AM17),"") -> 46176.539 | AN17: =IF(AND(AK17<>"",AM17<>""),(AM17-AK17)*1440,"") -> 1385.0837 | AO17: =IF( INT(AK17)=INT(AM17), IF( AND(MOD(AK17,1)<TIME(12,0,0), MOD(AM17,1)>TIME(12,0,0)), 60, 0 ), IF( MOD(AM17,1)<=TIME(12,0,0), (INT(AM17)-INT(AK17))*960, (INT(AM17)-INT(AK17))*1020 ) ) -> 1020 | AP17: =(AN17-AO17)/60 -> 6.0847275 | AQ17: =AT17 | AS17: =if(AR17<>"", if(AS17="",NOW(),AS17),"") | AU17: =if(AT17="Done", if(AU17="",NOW(),AU17),"") | AW17: =AZ17 | AY17: =if(AX17<>"", if(AY17="",NOW(),AY17),"") | BA17: =if(AZ17="Done", if(BA17="",NOW(),BA17),"") | BC17: =BF17 | BE17: =if(BD17<>"", if(BE17="",NOW(),BE17),"") | BG17: =if(BF17="Done", if(BG17="",NOW(),BG17),"") | BH17: 0
A18: =IF(B18="","",COUNTA($B$3:B18)) | C18: =IF(B18="","", "PDSSVB"&TEXT(COUNTA($B$3:B18),"000")) | H18: =D18 | J18: =if(I18<>"", if(J18="",NOW(),J18),"") | L18: =if(K18="Done", if(L18="",NOW(),L18),"") | M18: =IF(AND(J18<>"",L18<>""),(L18-J18)*1440,"") | N18: =IF( INT(J18)=INT(L18), IF( AND(MOD(J18,1)<TIME(12,0,0), MOD(L18,1)>TIME(12,0,0)), 60, 0 ), IF( MOD(L18,1)<=TIME(12,0,0), (INT(L18)-INT(J18))*960, (INT(L18)-INT(J18))*1020 ) ) -> 0 | O18: =(M18-N18)/60 -> 0 | P18: =S18 | R18: =if(Q18<>"", if(R18="",NOW(),R18),"") | T18: =if(S18="Done", if(T18="",NOW(),T18),"") | V18: =Y18 | X18: =if(W18<>"", if(X18="",NOW(),X18),"") | Z18: =if(Y18="Done", if(Z18="",NOW(),Z18),"") | AB18: =AE18 | AD18: =if(AC18<>"", if(AD18="",NOW(),AD18),"") | AF18: =if(AE18="Done", if(AF18="",NOW(),AF18),"") | AG18: 0 | AI18: =E18 | AK18: =if(AJ18<>"", if(AK18="",NOW(),AK18),"") | AM18: =if(AL18="Done", if(AM18="",NOW(),AM18),"") | AN18: =IF(AND(AK18<>"",AM18<>""),(AM18-AK18)*1440,"") | AO18: =IF( INT(AK18)=INT(AM18), IF( AND(MOD(AK18,1)<TIME(12,0,0), MOD(AM18,1)>TIME(12,0,0)), 60, 0 ), IF( MOD(AM18,1)<=TIME(12,0,0), (INT(AM18)-INT(AK18))*960, (INT(AM18)-INT(AK18))*1020 ) ) -> 0 | AP18: =(AN18-AO18)/60 -> 0 | AQ18: =AT18 | AS18: =if(AR18<>"", if(AS18="",NOW(),AS18),"") | AU18: =if(AT18="Done", if(AU18="",NOW(),AU18),"") | AW18: =AZ18 | AY18: =if(AX18<>"", if(AY18="",NOW(),AY18),"") | BA18: =if(AZ18="Done", if(BA18="",NOW(),BA18),"") | BC18: =BF18 | BE18: =if(BD18<>"", if(BE18="",NOW(),BE18),"") | BG18: =if(BF18="Done", if(BG18="",NOW(),BG18),"") | BH18: 0
A19: =IF(B19="","",COUNTA($B$3:B19)) | C19: =IF(B19="","", "PDSSVB"&TEXT(COUNTA($B$3:B19),"000")) | H19: =D19 | J19: =if(I19<>"", if(J19="",NOW(),J19),"") | L19: =if(K19="Done", if(L19="",NOW(),L19),"") | M19: =IF(AND(J19<>"",L19<>""),(L19-J19)*1440,"") | N19: =IF( INT(J19)=INT(L19), IF( AND(MOD(J19,1)<TIME(12,0,0), MOD(L19,1)>TIME(12,0,0)), 60, 0 ), IF( MOD(L19,1)<=TIME(12,0,0), (INT(L19)-INT(J19))*960, (INT(L19)-INT(J19))*1020 ) ) -> 0 | O19: =(M19-N19)/60 -> 0 | P19: =S19 | R19: =if(Q19<>"", if(R19="",NOW(),R19),"") | T19: =if(S19="Done", if(T19="",NOW(),T19),"") | V19: =Y19 | X19: =if(W19<>"", if(X19="",NOW(),X19),"") | Z19: =if(Y19="Done", if(Z19="",NOW(),Z19),"") | AB19: =AE19 | AD19: =if(AC19<>"", if(AD19="",NOW(),AD19),"") | AF19: =if(AE19="Done", if(AF19="",NOW(),AF19),"") | AG19: 0 | AI19: =E19 | AK19: =if(AJ19<>"", if(AK19="",NOW(),AK19),"") | AM19: =if(AL19="Done", if(AM19="",NOW(),AM19),"") | AN19: =IF(AND(AK19<>"",AM19<>""),(AM19-AK19)*1440,"") | AO19: =IF( INT(AK19)=INT(AM19), IF( AND(MOD(AK19,1)<TIME(12,0,0), MOD(AM19,1)>TIME(12,0,0)), 60, 0 ), IF( MOD(AM19,1)<=TIME(12,0,0), (INT(AM19)-INT(AK19))*960, (INT(AM19)-INT(AK19))*1020 ) ) -> 0 | AP19: =(AN19-AO19)/60 -> 0 | AQ19: =AT19 | AS19: =if(AR19<>"", if(AS19="",NOW(),AS19),"") | AU19: =if(AT19="Done", if(AU19="",NOW(),AU19),"") | AW19: =AZ19 | AY19: =if(AX19<>"", if(AY19="",NOW(),AY19),"") | BA19: =if(AZ19="Done", if(BA19="",NOW(),BA19),"") | BC19: =BF19 | BE19: =if(BD19<>"", if(BE19="",NOW(),BE19),"") | BG19: =if(BF19="Done", if(BG19="",NOW(),BG19),"") | BH19: 0
A20: =IF(B20="","",COUNTA($B$3:B20)) | C20: =IF(B20="","", "PDSSVB"&TEXT(COUNTA($B$3:B20),"000")) | H20: =D20 | J20: =if(I20<>"", if(J20="",NOW(),J20),"") | L20: =if(K20="Done", if(L20="",NOW(),L20),"") | M20: =IF(AND(J20<>"",L20<>""),(L20-J20)*1440,"") | N20: =IF( INT(J20)=INT(L20), IF( AND(MOD(J20,1)<TIME(12,0,0), MOD(L20,1)>TIME(12,0,0)), 60, 0 ), IF( MOD(L20,1)<=TIME(12,0,0), (INT(L20)-INT(J20))*960, (INT(L20)-INT(J20))*1020 ) ) -> 0 | O20: =(M20-N20)/60 -> 0 | P20: =S20 | R20: =if(Q20<>"", if(R20="",NOW(),R20),"") | T20: =if(S20="Done", if(T20="",NOW(),T20),"") | V20: =Y20 | X20: =if(W20<>"", if(X20="",NOW(),X20),"") | Z20: =if(Y20="Done", if(Z20="",NOW(),Z20),"") | AB20: =AE20 | AD20: =if(AC20<>"", if(AD20="",NOW(),AD20),"") | AF20: =if(AE20="Done", if(AF20="",NOW(),AF20),"") | AG20: 0 | AI20: =E20 | AK20: =if(AJ20<>"", if(AK20="",NOW(),AK20),"") | AM20: =if(AL20="Done", if(AM20="",NOW(),AM20),"") | AN20: =IF(AND(AK20<>"",AM20<>""),(AM20-AK20)*1440,"") | AO20: =IF( INT(AK20)=INT(AM20), IF( AND(MOD(AK20,1)<TIME(12,0,0), MOD(AM20,1)>TIME(12,0,0)), 60, 0 ), IF( MOD(AM20,1)<=TIME(12,0,0), (INT(AM20)-INT(AK20))*960, (INT(AM20)-INT(AK20))*1020 ) ) -> 0 | AP20: =(AN20-AO20)/60 -> 0 | AQ20: =AT20 | AS20: =if(AR20<>"", if(AS20="",NOW(),AS20),"") | AU20: =if(AT20="Done", if(AU20="",NOW(),AU20),"") | AW20: =AZ20 | AY20: =if(AX20<>"", if(AY20="",NOW(),AY20),"") | BA20: =if(AZ20="Done", if(BA20="",NOW(),BA20),"") | BC20: =BF20 | BE20: =if(BD20<>"", if(BE20="",NOW(),BE20),"") | BG20: =if(BF20="Done", if(BG20="",NOW(),BG20),"") | BH20: 0
A21: =IF(B21="","",COUNTA($B$3:B21)) | C21: =IF(B21="","", "PDSSVB"&TEXT(COUNTA($B$3:B21),"000")) | H21: =D21 | J21: =if(I21<>"", if(J21="",NOW(),J21),"") | L21: =if(K21="Done", if(L21="",NOW(),L21),"") | M21: =IF(AND(J21<>"",L21<>""),(L21-J21)*1440,"") | N21: =IF( INT(J21)=INT(L21), IF( AND(MOD(J21,1)<TIME(12,0,0), MOD(L21,1)>TIME(12,0,0)), 60, 0 ), IF( MOD(L21,1)<=TIME(12,0,0), (INT(L21)-INT(J21))*960, (INT(L21)-INT(J21))*1020 ) ) -> 0 | O21: =(M21-N21)/60 -> 0 | P21: =S21 | R21: =if(Q21<>"", if(R21="",NOW(),R21),"") | T21: =if(S21="Done", if(T21="",NOW(),T21),"") | V21: =Y21 | X21: =if(W21<>"", if(X21="",NOW(),X21),"") | Z21: =if(Y21="Done", if(Z21="",NOW(),Z21),"") | AB21: =AE21 | AD21: =if(AC21<>"", if(AD21="",NOW(),AD21),"") | AF21: =if(AE21="Done", if(AF21="",NOW(),AF21),"") | AG21: 0 | AI21: =E21 | AK21: =if(AJ21<>"", if(AK21="",NOW(),AK21),"") | AM21: =if(AL21="Done", if(AM21="",NOW(),AM21),"") | AN21: =IF(AND(AK21<>"",AM21<>""),(AM21-AK21)*1440,"") | AO21: =IF( INT(AK21)=INT(AM21), IF( AND(MOD(AK21,1)<TIME(12,0,0), MOD(AM21,1)>TIME(12,0,0)), 60, 0 ), IF( MOD(AM21,1)<=TIME(12,0,0), (INT(AM21)-INT(AK21))*960, (INT(AM21)-INT(AK21))*1020 ) ) -> 0 | AP21: =(AN21-AO21)/60 -> 0 | AQ21: =AT21 | AS21: =if(AR21<>"", if(AS21="",NOW(),AS21),"") | AU21: =if(AT21="Done", if(AU21="",NOW(),AU21),"") | AW21: =AZ21 | AY21: =if(AX21<>"", if(AY21="",NOW(),AY21),"") | BA21: =if(AZ21="Done", if(BA21="",NOW(),BA21),"") | BC21: =BF21 | BE21: =if(BD21<>"", if(BE21="",NOW(),BE21),"") | BG21: =if(BF21="Done", if(BG21="",NOW(),BG21),"") | BH21: 0
A22: =IF(B22="","",COUNTA($B$3:B22)) | C22: =IF(B22="","", "PDSSVB"&TEXT(COUNTA($B$3:B22),"000")) | H22: =D22 | J22: =if(I22<>"", if(J22="",NOW(),J22),"") | L22: =if(K22="Done", if(L22="",NOW(),L22),"") | M22: =IF(AND(J22<>"",L22<>""),(L22-J22)*1440,"") | N22: =IF( INT(J22)=INT(L22), IF( AND(MOD(J22,1)<TIME(12,0,0), MOD(L22,1)>TIME(12,0,0)), 60, 0 ), IF( MOD(L22,1)<=TIME(12,0,0), (INT(L22)-INT(J22))*960, (INT(L22)-INT(J22))*1020 ) ) -> 0 | O22: =(M22-N22)/60 -> 0 | P22: =S22 | R22: =if(Q22<>"", if(R22="",NOW(),R22),"") | T22: =if(S22="Done", if(T22="",NOW(),T22),"") | V22: =Y22 | X22: =if(W22<>"", if(X22="",NOW(),X22),"") | Z22: =if(Y22="Done", if(Z22="",NOW(),Z22),"") | AB22: =AE22 | AD22: =if(AC22<>"", if(AD22="",NOW(),AD22),"") | AF22: =if(AE22="Done", if(AF22="",NOW(),AF22),"") | AG22: 0 | AI22: =E22 | AK22: =if(AJ22<>"", if(AK22="",NOW(),AK22),"") | AM22: =if(AL22="Done", if(AM22="",NOW(),AM22),"") | AN22: =IF(AND(AK22<>"",AM22<>""),(AM22-AK22)*1440,"") | AO22: =IF( INT(AK22)=INT(AM22), IF( AND(MOD(AK22,1)<TIME(12,0,0), MOD(AM22,1)>TIME(12,0,0)), 60, 0 ), IF( MOD(AM22,1)<=TIME(12,0,0), (INT(AM22)-INT(AK22))*960, (INT(AM22)-INT(AK22))*1020 ) ) -> 0 | AP22: =(AN22-AO22)/60 -> 0 | AQ22: =AT22 | AS22: =if(AR22<>"", if(AS22="",NOW(),AS22),"") | AU22: =if(AT22="Done", if(AU22="",NOW(),AU22),"") | AW22: =AZ22 | AY22: =if(AX22<>"", if(AY22="",NOW(),AY22),"") | BA22: =if(AZ22="Done", if(BA22="",NOW(),BA22),"") | BC22: =BF22 | BE22: =if(BD22<>"", if(BE22="",NOW(),BE22),"") | BG22: =if(BF22="Done", if(BG22="",NOW(),BG22),"") | BH22: 0
A23: =IF(B23="","",COUNTA($B$3:B23)) | C23: =IF(B23="","", "PDSSVB"&TEXT(COUNTA($B$3:B23),"000")) | H23: =D23 | J23: =if(I23<>"", if(J23="",NOW(),J23),"") | L23: =if(K23="Done", if(L23="",NOW(),L23),"") | M23: =IF(AND(J23<>"",L23<>""),(L23-J23)*1440,"") | N23: =IF( INT(J23)=INT(L23), IF( AND(MOD(J23,1)<TIME(12,0,0), MOD(L23,1)>TIME(12,0,0)), 60, 0 ), IF( MOD(L23,1)<=TIME(12,0,0), (INT(L23)-INT(J23))*960, (INT(L23)-INT(J23))*1020 ) ) -> 0 | O23: =(M23-N23)/60 -> 0 | P23: =S23 | R23: =if(Q23<>"", if(R23="",NOW(),R23),"") | T23: =if(S23="Done", if(T23="",NOW(),T23),"") | V23: =Y23 | X23: =if(W23<>"", if(X23="",NOW(),X23),"") | Z23: =if(Y23="Done", if(Z23="",NOW(),Z23),"") | AB23: =AE23 | AD23: =if(AC23<>"", if(AD23="",NOW(),AD23),"") | AF23: =if(AE23="Done", if(AF23="",NOW(),AF23),"") | AG23: 0 | AI23: =E23 | AK23: =if(AJ23<>"", if(AK23="",NOW(),AK23),"") | AM23: =if(AL23="Done", if(AM23="",NOW(),AM23),"") | AN23: =IF(AND(AK23<>"",AM23<>""),(AM23-AK23)*1440,"") | AO23: =IF( INT(AK23)=INT(AM23), IF( AND(MOD(AK23,1)<TIME(12,0,0), MOD(AM23,1)>TIME(12,0,0)), 60, 0 ), IF( MOD(AM23,1)<=TIME(12,0,0), (INT(AM23)-INT(AK23))*960, (INT(AM23)-INT(AK23))*1020 ) ) -> 0 | AP23: =(AN23-AO23)/60 -> 0 | AQ23: =AT23 | AS23: =if(AR23<>"", if(AS23="",NOW(),AS23),"") | AU23: =if(AT23="Done", if(AU23="",NOW(),AU23),"") | AW23: =AZ23 | AY23: =if(AX23<>"", if(AY23="",NOW(),AY23),"") | BA23: =if(AZ23="Done", if(BA23="",NOW(),BA23),"") | BC23: =BF23 | BE23: =if(BD23<>"", if(BE23="",NOW(),BE23),"") | BG23: =if(BF23="Done", if(BG23="",NOW(),BG23),"") | BH23: 0
A24: =IF(B24="","",COUNTA($B$3:B24)) | C24: =IF(B24="","", "PDSSVB"&TEXT(COUNTA($B$3:B24),"000")) | H24: =D24 | J24: =if(I24<>"", if(J24="",NOW(),J24),"") | L24: =if(K24="Done", if(L24="",NOW(),L24),"") | M24: =IF(AND(J24<>"",L24<>""),(L24-J24)*1440,"") | N24: =IF( INT(J24)=INT(L24), IF( AND(MOD(J24,1)<TIME(12,0,0), MOD(L24,1)>TIME(12,0,0)), 60, 0 ), IF( MOD(L24,1)<=TIME(12,0,0), (INT(L24)-INT(J24))*960, (INT(L24)-INT(J24))*1020 ) ) -> 0 | O24: =(M24-N24)/60 -> 0 | P24: =S24 | R24: =if(Q24<>"", if(R24="",NOW(),R24),"") | T24: =if(S24="Done", if(T24="",NOW(),T24),"") | V24: =Y24 | X24: =if(W24<>"", if(X24="",NOW(),X24),"") | Z24: =if(Y24="Done", if(Z24="",NOW(),Z24),"") | AB24: =AE24 | AD24: =if(AC24<>"", if(AD24="",NOW(),AD24),"") | AF24: =if(AE24="Done", if(AF24="",NOW(),AF24),"") | AG24: 0 | AI24: =E24 | AK24: =if(AJ24<>"", if(AK24="",NOW(),AK24),"") | AM24: =if(AL24="Done", if(AM24="",NOW(),AM24),"") | AN24: =IF(AND(AK24<>"",AM24<>""),(AM24-AK24)*1440,"") | AO24: =IF( INT(AK24)=INT(AM24), IF( AND(MOD(AK24,1)<TIME(12,0,0), MOD(AM24,1)>TIME(12,0,0)), 60, 0 ), IF( MOD(AM24,1)<=TIME(12,0,0), (INT(AM24)-INT(AK24))*960, (INT(AM24)-INT(AK24))*1020 ) ) -> 0 | AP24: =(AN24-AO24)/60 -> 0 | AQ24: =AT24 | AS24: =if(AR24<>"", if(AS24="",NOW(),AS24),"") | AU24: =if(AT24="Done", if(AU24="",NOW(),AU24),"") | AW24: =AZ24 | AY24: =if(AX24<>"", if(AY24="",NOW(),AY24),"") | BA24: =if(AZ24="Done", if(BA24="",NOW(),BA24),"") | BC24: =BF24 | BE24: =if(BD24<>"", if(BE24="",NOW(),BE24),"") | BG24: =if(BF24="Done", if(BG24="",NOW(),BG24),"") | BH24: 0
A25: =IF(B25="","",COUNTA($B$3:B25)) | C25: =IF(B25="","", "PDSSVB"&TEXT(COUNTA($B$3:B25),"000")) | H25: =D25 | J25: =if(I25<>"", if(J25="",NOW(),J25),"") | L25: =if(K25="Done", if(L25="",NOW(),L25),"") | M25: =IF(AND(J25<>"",L25<>""),(L25-J25)*1440,"") | N25: =IF( INT(J25)=INT(L25), IF( AND(MOD(J25,1)<TIME(12,0,0), MOD(L25,1)>TIME(12,0,0)), 60, 0 ), IF( MOD(L25,1)<=TIME(12,0,0), (INT(L25)-INT(J25))*960, (INT(L25)-INT(J25))*1020 ) ) -> 0 | O25: =(M25-N25)/60 -> 0 | P25: =S25 | R25: =if(Q25<>"", if(R25="",NOW(),R25),"") | T25: =if(S25="Done", if(T25="",NOW(),T25),"") | V25: =Y25 | X25: =if(W25<>"", if(X25="",NOW(),X25),"") | Z25: =if(Y25="Done", if(Z25="",NOW(),Z25),"") | AB25: =AE25 | AD25: =if(AC25<>"", if(AD25="",NOW(),AD25),"") | AF25: =if(AE25="Done", if(AF25="",NOW(),AF25),"") | AG25: 0 | AI25: =E25 | AK25: =if(AJ25<>"", if(AK25="",NOW(),AK25),"") | AM25: =if(AL25="Done", if(AM25="",NOW(),AM25),"") | AN25: =IF(AND(AK25<>"",AM25<>""),(AM25-AK25)*1440,"") | AO25: =IF( INT(AK25)=INT(AM25), IF( AND(MOD(AK25,1)<TIME(12,0,0), MOD(AM25,1)>TIME(12,0,0)), 60, 0 ), IF( MOD(AM25,1)<=TIME(12,0,0), (INT(AM25)-INT(AK25))*960, (INT(AM25)-INT(AK25))*1020 ) ) -> 0 | AP25: =(AN25-AO25)/60 -> 0 | AQ25: =AT25 | AS25: =if(AR25<>"", if(AS25="",NOW(),AS25),"") | AU25: =if(AT25="Done", if(AU25="",NOW(),AU25),"") | AW25: =AZ25 | AY25: =if(AX25<>"", if(AY25="",NOW(),AY25),"") | BA25: =if(AZ25="Done", if(BA25="",NOW(),BA25),"") | BC25: =BF25 | BE25: =if(BD25<>"", if(BE25="",NOW(),BE25),"") | BG25: =if(BF25="Done", if(BG25="",NOW(),BG25),"") | BH25: 0
A26: =IF(B26="","",COUNTA($B$3:B26)) | C26: =IF(B26="","", "PDSSVB"&TEXT(COUNTA($B$3:B26),"000")) | H26: =D26 | J26: =if(I26<>"", if(J26="",NOW(),J26),"") | L26: =if(K26="Done", if(L26="",NOW(),L26),"") | M26: =IF(AND(J26<>"",L26<>""),(L26-J26)*1440,"") | N26: =IF( INT(J26)=INT(L26), IF( AND(MOD(J26,1)<TIME(12,0,0), MOD(L26,1)>TIME(12,0,0)), 60, 0 ), IF( MOD(L26,1)<=TIME(12,0,0), (INT(L26)-INT(J26))*960, (INT(L26)-INT(J26))*1020 ) ) -> 0 | O26: =(M26-N26)/60 -> 0 | P26: =S26 | R26: =if(Q26<>"", if(R26="",NOW(),R26),"") | T26: =if(S26="Done", if(T26="",NOW(),T26),"") | V26: =Y26 | X26: =if(W26<>"", if(X26="",NOW(),X26),"") | Z26: =if(Y26="Done", if(Z26="",NOW(),Z26),"") | AB26: =AE26 | AD26: =if(AC26<>"", if(AD26="",NOW(),AD26),"") | AF26: =if(AE26="Done", if(AF26="",NOW(),AF26),"") | AG26: 0 | AI26: =E26 | AK26: =if(AJ26<>"", if(AK26="",NOW(),AK26),"") | AM26: =if(AL26="Done", if(AM26="",NOW(),AM26),"") | AN26: =IF(AND(AK26<>"",AM26<>""),(AM26-AK26)*1440,"") | AO26: =IF( INT(AK26)=INT(AM26), IF( AND(MOD(AK26,1)<TIME(12,0,0), MOD(AM26,1)>TIME(12,0,0)), 60, 0 ), IF( MOD(AM26,1)<=TIME(12,0,0), (INT(AM26)-INT(AK26))*960, (INT(AM26)-INT(AK26))*1020 ) ) -> 0 | AP26: =(AN26-AO26)/60 -> 0 | AQ26: =AT26 | AS26: =if(AR26<>"", if(AS26="",NOW(),AS26),"") | AU26: =if(AT26="Done", if(AU26="",NOW(),AU26),"") | AW26: =AZ26 | AY26: =if(AX26<>"", if(AY26="",NOW(),AY26),"") | BA26: =if(AZ26="Done", if(BA26="",NOW(),BA26),"") | BC26: =BF26 | BE26: =if(BD26<>"", if(BE26="",NOW(),BE26),"") | BG26: =if(BF26="Done", if(BG26="",NOW(),BG26),"") | BH26: 0
A27: =IF(B27="","",COUNTA($B$3:B27)) | C27: =IF(B27="","", "PDSSVB"&TEXT(COUNTA($B$3:B27),"000")) | H27: =D27 | J27: =if(I27<>"", if(J27="",NOW(),J27),"") | L27: =if(K27="Done", if(L27="",NOW(),L27),"") | M27: =IF(AND(J27<>"",L27<>""),(L27-J27)*1440,"") | N27: =IF( INT(J27)=INT(L27), IF( AND(MOD(J27,1)<TIME(12,0,0), MOD(L27,1)>TIME(12,0,0)), 60, 0 ), IF( MOD(L27,1)<=TIME(12,0,0), (INT(L27)-INT(J27))*960, (INT(L27)-INT(J27))*1020 ) ) -> 0 | O27: =(M27-N27)/60 -> 0 | P27: =S27 | R27: =if(Q27<>"", if(R27="",NOW(),R27),"") | T27: =if(S27="Done", if(T27="",NOW(),T27),"") | V27: =Y27 | X27: =if(W27<>"", if(X27="",NOW(),X27),"") | Z27: =if(Y27="Done", if(Z27="",NOW(),Z27),"") | AB27: =AE27 | AD27: =if(AC27<>"", if(AD27="",NOW(),AD27),"") | AF27: =if(AE27="Done", if(AF27="",NOW(),AF27),"") | AG27: 0 | AI27: =E27 | AK27: =if(AJ27<>"", if(AK27="",NOW(),AK27),"") | AM27: =if(AL27="Done", if(AM27="",NOW(),AM27),"") | AN27: =IF(AND(AK27<>"",AM27<>""),(AM27-AK27)*1440,"") | AO27: =IF( INT(AK27)=INT(AM27), IF( AND(MOD(AK27,1)<TIME(12,0,0), MOD(AM27,1)>TIME(12,0,0)), 60, 0 ), IF( MOD(AM27,1)<=TIME(12,0,0), (INT(AM27)-INT(AK27))*960, (INT(AM27)-INT(AK27))*1020 ) ) -> 0 | AP27: =(AN27-AO27)/60 -> 0 | AQ27: =AT27 | AS27: =if(AR27<>"", if(AS27="",NOW(),AS27),"") | AU27: =if(AT27="Done", if(AU27="",NOW(),AU27),"") | AW27: =AZ27 | AY27: =if(AX27<>"", if(AY27="",NOW(),AY27),"") | BA27: =if(AZ27="Done", if(BA27="",NOW(),BA27),"") | BC27: =BF27 | BE27: =if(BD27<>"", if(BE27="",NOW(),BE27),"") | BG27: =if(BF27="Done", if(BG27="",NOW(),BG27),"") | BH27: 0
A28: =IF(B28="","",COUNTA($B$3:B28)) | C28: =IF(B28="","", "PDSSVB"&TEXT(COUNTA($B$3:B28),"000")) | H28: =D28 | J28: =if(I28<>"", if(J28="",NOW(),J28),"") | L28: =if(K28="Done", if(L28="",NOW(),L28),"") | M28: =IF(AND(J28<>"",L28<>""),(L28-J28)*1440,"") | N28: =IF( INT(J28)=INT(L28), IF( AND(MOD(J28,1)<TIME(12,0,0), MOD(L28,1)>TIME(12,0,0)), 60, 0 ), IF( MOD(L28,1)<=TIME(12,0,0), (INT(L28)-INT(J28))*960, (INT(L28)-INT(J28))*1020 ) ) -> 0 | O28: =(M28-N28)/60 -> 0 | P28: =S28 | R28: =if(Q28<>"", if(R28="",NOW(),R28),"") | T28: =if(S28="Done", if(T28="",NOW(),T28),"") | V28: =Y28 | X28: =if(W28<>"", if(X28="",NOW(),X28),"") | Z28: =if(Y28="Done", if(Z28="",NOW(),Z28),"") | AB28: =AE28 | AD28: =if(AC28<>"", if(AD28="",NOW(),AD28),"") | AF28: =if(AE28="Done", if(AF28="",NOW(),AF28),"") | AG28: 0 | AI28: =E28 | AK28: =if(AJ28<>"", if(AK28="",NOW(),AK28),"") | AM28: =if(AL28="Done", if(AM28="",NOW(),AM28),"") | AN28: =IF(AND(AK28<>"",AM28<>""),(AM28-AK28)*1440,"") | AO28: =IF( INT(AK28)=INT(AM28), IF( AND(MOD(AK28,1)<TIME(12,0,0), MOD(AM28,1)>TIME(12,0,0)), 60, 0 ), IF( MOD(AM28,1)<=TIME(12,0,0), (INT(AM28)-INT(AK28))*960, (INT(AM28)-INT(AK28))*1020 ) ) -> 0 | AP28: =(AN28-AO28)/60 -> 0 | AQ28: =AT28 | AS28: =if(AR28<>"", if(AS28="",NOW(),AS28),"") | AU28: =if(AT28="Done", if(AU28="",NOW(),AU28),"") | AW28: =AZ28 | AY28: =if(AX28<>"", if(AY28="",NOW(),AY28),"") | BA28: =if(AZ28="Done", if(BA28="",NOW(),BA28),"") | BC28: =BF28 | BE28: =if(BD28<>"", if(BE28="",NOW(),BE28),"") | BG28: =if(BF28="Done", if(BG28="",NOW(),BG28),"") | BH28: 0
A29: =IF(B29="","",COUNTA($B$3:B29)) | C29: =IF(B29="","", "PDSSVB"&TEXT(COUNTA($B$3:B29),"000")) | H29: =D29 | J29: =if(I29<>"", if(J29="",NOW(),J29),"") | L29: =if(K29="Done", if(L29="",NOW(),L29),"") | M29: =IF(AND(J29<>"",L29<>""),(L29-J29)*1440,"") | N29: =IF( INT(J29)=INT(L29), IF( AND(MOD(J29,1)<TIME(12,0,0), MOD(L29,1)>TIME(12,0,0)), 60, 0 ), IF( MOD(L29,1)<=TIME(12,0,0), (INT(L29)-INT(J29))*960, (INT(L29)-INT(J29))*1020 ) ) -> 0 | O29: =(M29-N29)/60 -> 0 | P29: =S29 | R29: =if(Q29<>"", if(R29="",NOW(),R29),"") | T29: =if(S29="Done", if(T29="",NOW(),T29),"") | V29: =Y29 | X29: =if(W29<>"", if(X29="",NOW(),X29),"") | Z29: =if(Y29="Done", if(Z29="",NOW(),Z29),"") | AB29: =AE29 | AD29: =if(AC29<>"", if(AD29="",NOW(),AD29),"") | AF29: =if(AE29="Done", if(AF29="",NOW(),AF29),"") | AG29: 0 | AI29: =E29 | AK29: =if(AJ29<>"", if(AK29="",NOW(),AK29),"") | AM29: =if(AL29="Done", if(AM29="",NOW(),AM29),"") | AN29: =IF(AND(AK29<>"",AM29<>""),(AM29-AK29)*1440,"") | AO29: =IF( INT(AK29)=INT(AM29), IF( AND(MOD(AK29,1)<TIME(12,0,0), MOD(AM29,1)>TIME(12,0,0)), 60, 0 ), IF( MOD(AM29,1)<=TIME(12,0,0), (INT(AM29)-INT(AK29))*960, (INT(AM29)-INT(AK29))*1020 ) ) -> 0 | AP29: =(AN29-AO29)/60 -> 0 | AQ29: =AT29 | AS29: =if(AR29<>"", if(AS29="",NOW(),AS29),"") | AU29: =if(AT29="Done", if(AU29="",NOW(),AU29),"") | AW29: =AZ29 | AY29: =if(AX29<>"", if(AY29="",NOW(),AY29),"") | BA29: =if(AZ29="Done", if(BA29="",NOW(),BA29),"") | BC29: =BF29 | BE29: =if(BD29<>"", if(BE29="",NOW(),BE29),"") | BG29: =if(BF29="Done", if(BG29="",NOW(),BG29),"") | BH29: 0

Sheet VR - CA
A1: Scenario | D1: Klasifikasi Level Model | I1: Materi Deskriptif atau Naratif Gameplay | Q1: Revision 1 | R1: Revision 1 | W1: Revision 2 | X1: Revision 2 | AC1: QC Materi Deskriptif atau Naratif | AD1: QC Materi Deskriptif atau Naratif Gameplay | AK1: Visual Brief | AS1: Revision 1 | AT1: Revision 1 | AY1: Revision 2 | AZ1: Revision 2 | BE1: QC Visual Brief | BF1: Quality Check Visual Brief | BL1: Storyboard | BT1: Revision 1 | BU1: Revision 1 | BZ1: Revision 2 | CA1: Revision 2 | CF1: QC Storyboard | CG1: Quality Check 3D Storyboard | CM1: Quality Check 3D Model
A2: No | B2: Scenario Nama | C2: Scenario Code | D2: Level Description | E2: Level Visual Brief | F2: Level Storyboard | G2: PIC Penentu | I2: Level | J2: PIC | K2: Start Time | L2: Status | M2: Finish Time | N2: Duration (Minute) | O2: Duration Pause (Minute) | P2: Duration Final (Hour) | R2: PIC Rev 1 | S2: Start Time | T2: Status | U2: Finish Time | V2: Revision Percentage | X2: PIC Rev 2 | Y2: Start Time | Z2: Status | AA2: Finish Time | AB2: Revision Percentage | AD2: Level | AE2: PIC QC | AF2: Start Time | AG2: Status | AH2: Finish Time | AI2: QC Count | AK2: Level | AL2: PIC | AM2: Start Time | AN2: Status | AO2: Finish Time | AP2: Duration (Minute) | AQ2: Duration Pause (Minute) | AR2: Duration Final (Hour) | AT2: PIC Rev 1 | AU2: Start Time | AV2: Status | AW2: Finish Time | AX2: Revision Percentage | AZ2: PIC Rev 2 | BA2: Start Time | BB2: Status | BC2: Finish Time | BD2: Revision Percentage | BF2: PIC QC | BG2: Start Time | BH2: Status | BI2: Finish Time | BJ2: QC Count | BL2: Level | BM2: PIC | BN2: Start Time | BO2: Status | BP2: Finish Time | BQ2: Duration (Minute) | BR2: Duration Pause (Minute) | BS2: Duration Final (Hour) | BU2: PIC Rev 1 | BV2: Start Time | BW2: Status | BX2: Finish Time | BY2: Revision Percentage | CA2: PIC Rev 2 | CB2: Start Time | CC2: Status | CD2: Finish Time | CE2: Revision Percentage | CG2: PIC QC | CH2: Start Time | CI2: Status | CJ2: Finish Time | CK2: QC Count | CM2: PIC QC | CN2: Start Time | CO2: Status | CP2: Finish Time | CQ2: QC Count
A3: I | B3: ELECTRICAL AVIONICS (EA)
A4: A | B4: Kelistrikan Pesawat (Electrical System)
A5: 1 | B5: Pemeriksaan Operasional Sistem DC Power Generation pesawat F-16 | D5: 4 | E5: 5 | G5: Dian Hasanudin | I5: =D5 -> 4 | J5: Muhamad Ade Saputra | K5: 46248.39 | L5: Done | M5: =if(L5="Done", if(M5="",NOW(),M5),"") -> 46248.707 | Q5: =T5 -> Done | R5: Muhamad Ade Saputra | S5: =if(R5<>"", if(S5="",NOW(),S5),"") -> 46261.453 | T5: Done | U5: =if(T5="Done", if(U5="",NOW(),U5),"") -> 46311.646 | V5: 1 | W5: =Z5 | AC5: =AG5 -> Done | AD5: 1 | AE5: Dian Hasanudin | AF5: 46280.465 | AG5: Done | AH5: 46280.602 | AI5: 1 | AK5: =E5 -> 5 | AL5: Muhamad Ade Saputra | AM5: =if(AL5<>"", if(AM5="",NOW(),AM5),"") -> 46253.381 | AN5: Done | AO5: 46255.636 | AS5: =AV5 -> Done | AT5: Muhamad Ade Saputra | AU5: =if(AT5<>"", if(AU5="",NOW(),AU5),"") -> 46269.393 | AV5: Done | AW5: =if(AV5="Done", if(AW5="",NOW(),AW5),"") -> 46281.486 | AX5: 1 | BA5: =if(AZ5<>"", if(BA5="",NOW(),BA5),"") | BC5: =if(BB5="Done", if(BC5="",NOW(),BC5),"") | BE5: =BH5 -> Done | BF5: Dian Hasanudin | BG5: =if(BF5<>"", if(BG5="",NOW(),BG5),"") -> 46280.465 | BH5: Done | BI5: =if(BH5="Done", if(BI5="",NOW(),BI5),"") -> 46287.498 | BJ5: 2 | BL5: =F5 | BN5: =if(BM5<>"", if(BN5="",NOW(),BN5),"") | BP5: =if(BO5="Done", if(BP5="",NOW(),BP5),"") | BT5: =BW5 | BV5: =if(BU5<>"", if(BV5="",NOW(),BV5),"") | BX5: =if(BW5="Done", if(BX5="",NOW(),BX5),"") | BZ5: =CC5 | CB5: =if(CA5<>"", if(CB5="",NOW(),CB5),"") | CD5: =if(CC5="Done", if(CD5="",NOW(),CD5),"") | CF5: =CI5
A6: 2 | B6: Analisis Bentuk Gelombang AC FLCS PMG F-16 | D6: 3 | E6: 4 | G6: Dian Hasanudin | I6: =D6 -> 3 | J6: Muhamad Ade Saputra | K6: =if(J6<>"", if(K6="",NOW(),K6),"") -> 46262.551 | L6: Done | M6: =if(L6="Done", if(M6="",NOW(),M6),"") -> 46262.697 | AC6: =AG6 -> Done | AD6: 1 | AE6: Dian Hasanudin | AF6: 46280.608 | AG6: Done | AH6: 46280.701 | AI6: 1 | AK6: =E6 -> 4 | AL6: Lungga Islam Setiagama | AM6: =if(AL6<>"", if(AM6="",NOW(),AM6),"") -> 46269.395 | AN6: Done | AO6: =if(AN6="Done", if(AO6="",NOW(),AO6),"") -> 46272.446 | AS6: =AV6 -> Done | AT6: Lungga Islam Setiagama | AU6: =if(AT6<>"", if(AU6="",NOW(),AU6),"") -> 46274.398 | AV6: Done | AW6: =if(AV6="Done", if(AW6="",NOW(),AW6),"") -> 46281.747 | AX6: 1 | BE6: =BH6 -> Done | BF6: Dian Hasanudin | BG6: =if(BF6<>"", if(BG6="",NOW(),BG6),"") -> 46280.608 | BH6: Done | BI6: =if(BH6="Done", if(BI6="",NOW(),BI6),"") -> 46287.563 | BJ6: 2 | BL6: =F6
A7: 3 | B7: Pemeliharaan Wiring Harness F-16 (Soldering & ESD Protection) | D7: 3 | E7: 5 | G7: Dian Hasanudin | I7: =D7 -> 3 | J7: Muhamad Ade Saputra | K7: =if(J7<>"", if(K7="",NOW(),K7),"") -> 46265.408 | L7: Done | M7: =if(L7="Done", if(M7="",NOW(),M7),"") -> 46265.6 | Q7: =T7 | S7: =if(R7<>"", if(S7="",NOW(),S7),"") | U7: =if(T7="Done", if(U7="",NOW(),U7),"") | W7: =Z7 | AC7: =AG7 -> Done | AD7: 1 | AE7: Dian Hasanudin | AF7: 46282.618 | AG7: Done | AH7: 46285.702 | AI7: 1 | AK7: =E7 -> 5 | AL7: Muhamad Ade Saputra | AM7: =if(AL7<>"", if(AM7="",NOW(),AM7),"") -> 46269.627 | AN7: Done | AO7: =if(AN7="Done", if(AO7="",NOW(),AO7),"") -> 46287.629 | AS7: =AV7 | AU7: =if(AT7<>"", if(AU7="",NOW(),AU7),"") | AW7: =if(AV7="Done", if(AW7="",NOW(),AW7),"") | BA7: =if(AZ7<>"", if(BA7="",NOW(),BA7),"") | BC7: =if(BB7="Done", if(BC7="",NOW(),BC7),"") | BE7: =BH7 -> Done | BF7: Dian Hasanudin | BG7: =if(BF7<>"", if(BG7="",NOW(),BG7),"") -> 46282.618 | BH7: Done | BI7: =if(BH7="Done", if(BI7="",NOW(),BI7),"") -> 46287.585 | BJ7: 2 | BL7: =F7 | BN7: =if(BM7<>"", if(BN7="",NOW(),BN7),"") | BP7: =if(BO7="Done", if(BP7="",NOW(),BP7),"") | BT7: =BW7 | BV7: =if(BU7<>"", if(BV7="",NOW(),BV7),"") | BX7: =if(BW7="Done", if(BX7="",NOW(),BX7),"") | BZ7: =CC7 | CB7: =if(CA7<>"", if(CB7="",NOW(),CB7),"") | CD7: =if(CC7="Done", if(CD7="",NOW(),CD7),"") | CF7: =CI7
A8: 4 | B8: Pemeriksaan Operasional Sistem Distribusi Daya AC 60 kVA (Engine Operating) | D8: 3 | E8: 4 | G8: Dian Hasanudin | I8: =D8 -> 3 | J8: Muhamad Ade Saputra | K8: =if(J8<>"", if(K8="",NOW(),K8),"") -> 46265.619 | L8: Done | M8: =if(L8="Done", if(M8="",NOW(),M8),"") -> 46267.438 | N8: =IF(AND(K8<>"",M8<>""),(M8-K8)*1440,"") -> 2618.6652 | O8: =IF( INT(K8)=INT(M8), IF( AND(MOD(K8,1)<TIME(12,0,0), MOD(M8,1)>TIME(12,0,0)), 60, 0 ), IF( MOD(M8,1)<=TIME(12,0,0), (INT(M8)-INT(K8))*960, (INT(M8)-INT(K8))*1020 ) ) -> 1920 | P8: =(N8-O8)/60 -> 11.64442 | Q8: =T8 | S8: =if(R8<>"", if(S8="",NOW(),S8),"") | U8: =if(T8="Done", if(U8="",NOW(),U8),"") | W8: =Z8 | Y8: =if(X8<>"", if(Y8="",NOW(),Y8),"") | AA8: =if(Z8="Done", if(AA8="",NOW(),AA8),"") | AC8: =AG8 -> Done | AD8: 1 | AE8: Dian Hasanudin | AF8: 46287.398 | AG8: Done | AH8: 46287.449 | AI8: 1 | AK8: =E8 -> 4 | AL8: Muhamad Ade Saputra | AM8: =if(AL8<>"", if(AM8="",NOW(),AM8),"") -> 46274.498 | AN8: Done | AO8: =if(AN8="Done", if(AO8="",NOW(),AO8),"") -> 46275.68 | AP8: =IF(AND(AM8<>"",AO8<>""),(AO8-AM8)*1440,"") -> 1702.0849 | AQ8: =IF( INT(AM8)=INT(AO8), IF( AND(MOD(AM8,1)<TIME(12,0,0), MOD(AO8,1)>TIME(12,0,0)), 60, 0 ), IF( MOD(AO8,1)<=TIME(12,0,0), (INT(AO8)-INT(AM8))*960, (INT(AO8)-INT(AM8))*1020 ) ) -> 1020 | AR8: =(AP8-AQ8)/60 -> 11.368082 | AS8: =AV8 | AU8: =if(AT8<>"", if(AU8="",NOW(),AU8),"") | AW8: =if(AV8="Done", if(AW8="",NOW(),AW8),"") | AY8: =BB8 | BA8: =if(AZ8<>"", if(BA8="",NOW(),BA8),"") | BC8: =if(BB8="Done", if(BC8="",NOW(),BC8),"") | BE8: =BH8 -> Done | BF8: Dian Hasanudin | BG8: =if(BF8<>"", if(BG8="",NOW(),BG8),"") -> 46287.398 | BH8: Done | BI8: =if(BH8="Done", if(BI8="",NOW(),BI8),"") -> 46287.449 | BJ8: 1 | BL8: =F8 | BN8: =if(BM8<>"", if(BN8="",NOW(),BN8),"") | BP8: =if(BO8="Done", if(BP8="",NOW(),BP8),"") | BQ8: =IF(AND(BN8<>"",BP8<>""),(BP8-BN8)*1440,"") | BR8: =IF( INT(BN8)=INT(BP8), IF( AND(MOD(BN8,1)<TIME(12,0,0), MOD(BP8,1)>TIME(12,0,0)), 60, 0 ), IF( MOD(BP8,1)<=TIME(12,0,0), (INT(BP8)-INT(BN8))*960, (INT(BP8)-INT(BN8))*1020 ) ) -> 0 | BS8: =(BQ8-BR8)/60 -> 0 | BT8: =BW8 | BV8: =if(BU8<>"", if(BV8="",NOW(),BV8),"") | BX8: =if(BW8="Done", if(BX8="",NOW(),BX8),"") | BZ8: =CC8 | CB8: =if(CA8<>"", if(CB8="",NOW(),CB8),"") | CD8: =if(CC8="Done", if(CD8="",NOW(),CD8),"") | CF8: =CI8 | CH8: =if(CG8<>"", if(CH8="",NOW(),CH8),"") | CK8: 0 | CN8: =if(CM8<>"", if(CN8="",NOW(),CN8),"") | CP8: =if(CO8="Done", if(CP8="",NOW(),CP8),"") | CQ8: 0
A9: 5 | B9: Pelepasan & Pemasangan (Removal & Installation) Pitot-Static Probe pada Pesawat F-16 | J9: Faaidh Abdurrazzak | K9: =if(J9<>"", if(K9="",NOW(),K9),"") -> 46304.659 | L9: Done | M9: =if(L9="Done", if(M9="",NOW(),M9),"") -> 46307.44 | AC9: =AG9 -> Done | AE9: Muhamad Ade Saputra | AF9: =if(AE9<>"", if(AF9="",NOW(),AF9),"") -> 46311.658 | AG9: Done | AH9: =if(AG9<>"", if(AH9="",NOW(),AH9),"") -> 46311.658 | AI9: 1
A10: 6 | B10: Pengujian Operasional Sistem Daya Listrik Darurat (Emergency Power Unit - EPU Control) pada Pesawat F-16 | J10: Muhamad Ade Saputra | K10: =if(J10<>"", if(K10="",NOW(),K10),"") -> 46307.404 | L10: Done | M10: =if(L10="Done", if(M10="",NOW(),M10),"") -> 46307.665 | AC10: =AG10 -> Done | AE10: Faaidh Abdurrazzak | AF10: =if(AE10<>"", if(AF10="",NOW(),AF10),"") -> 46310.385 | AG10: Done | AH10: 46310.603 | AI10: 1
A11: 5 | B11: Troubleshooting Gangguan Kedipan Daya (Electrical Brownout Fault Isolation) | D11: 3 | E11: 3 | J11: Lungga Islam Setiagama | K11: =if(J11<>"", if(K11="",NOW(),K11),"") -> 46266.577 | L11: Done | M11: =if(L11="Done", if(M11="",NOW(),M11),"") -> 46267.487 | AD11: =Y11
A12: B | B12: Avionik & Instrument (Avionics & Instrument System)
A13: 1 | B13: Kalibrasi dan Pemeriksaan Instrumen Operasional Sistem Kokpit Pesawat F-16 | D13: 3 | E13: 5 | G13: Dian Hasanudin | I13: =D13 -> 3 | J13: Lungga Islam Setiagama | K13: =if(J13<>"", if(K13="",NOW(),K13),"") -> 46261.389 | L13: Done | M13: =if(L13="Done", if(M13="",NOW(),M13),"") -> 46261.688 | Q13: =T13 | S13: =if(R13<>"", if(S13="",NOW(),S13),"") | U13: =if(T13="Done", if(U13="",NOW(),U13),"") | W13: =Z13 | AC13: =AG13 -> Done | AD13: 1 | AE13: Dian Hasanudin | AF13: 46262.409 | AG13: Done | AH13: =if(AG13<>"", if(AH13="",NOW(),AH13),"") -> 46262.492 | AI13: 1 | AK13: =E13 -> 5 | AL13: Lungga Islam Setiagama | AM13: =if(AL13<>"", if(AM13="",NOW(),AM13),"") -> 46280.405 | AN13: Done | AO13: =if(AN13="Done", if(AO13="",NOW(),AO13),"") -> 46289.481 | AS13: =AV13 | AU13: =if(AT13<>"", if(AU13="",NOW(),AU13),"") | AW13: =if(AV13="Done", if(AW13="",NOW(),AW13),"") | BA13: =if(AZ13<>"", if(BA13="",NOW(),BA13),"") | BC13: =if(BB13="Done", if(BC13="",NOW(),BC13),"") | BE13: =BH13 -> Done | BF13: Dian Hasanudin | BG13: =if(BF13<>"", if(BG13="",NOW(),BG13),"") -> 46287.657 | BH13: Done | BI13: =if(BH13="Done", if(BI13="",NOW(),BI13),"") -> 46288.583 | BJ13: 2 | BL13: =F13 | BN13: =if(BM13<>"", if(BN13="",NOW(),BN13),"") | BP13: =if(BO13="Done", if(BP13="",NOW(),BP13),"") | BT13: =BW13 | BV13: =if(BU13<>"", if(BV13="",NOW(),BV13),"") | BX13: =if(BW13="Done", if(BX13="",NOW(),BX13),"") | BZ13: =CC13 | CB13: =if(CA13<>"", if(CB13="",NOW(),CB13),"") | CD13: =if(CC13="Done", if(CD13="",NOW(),CD13),"") | CF13: =CI13
A14: 2 | B14: Pemeriksaan Operasional & Tes Diagnostik Sistem Navigasi Udara TACAN Pesawat F-16 | D14: 3 | E14: 3 | G14: Dian Hasanudin | I14: =D14 -> 3 | J14: Tyara Patricia | K14: =if(J14<>"", if(K14="",NOW(),K14),"") -> 46261.414 | L14: Done | M14: =if(L14="Done", if(M14="",NOW(),M14),"") -> 46261.691 | Q14: =T14 -> Done | R14: Tyara Patricia | S14: =if(R14<>"", if(S14="",NOW(),S14),"") -> 46267.38 | T14: Done | U14: =if(T14="Done", if(U14="",NOW(),U14),"") -> 46267.669 | V14: 1 | W14: =Z14 | AC14: =AG14 -> Done | AD14: 1 | AE14: Dian Hasanudin | AF14: =if(AE14<>"", if(AF14="",NOW(),AF14),"") -> 46262.492 | AG14: Done | AH14: 46262.684 | AI14: 1 | AK14: =E14 -> 3 | AL14: Tyara Patricia | AM14: =if(AL14<>"", if(AM14="",NOW(),AM14),"") -> 46269.393 | AN14: Done | AO14: =if(AN14="Done", if(AO14="",NOW(),AO14),"") -> 46269.616 | AS14: =AV14 -> Done | AT14: Tyara Patricia | AU14: =if(AT14<>"", if(AU14="",NOW(),AU14),"") -> 46273.475 | AV14: Done | AW14: =if(AV14="Done", if(AW14="",NOW(),AW14),"") -> 46282.706 | AX14: 0.3 | BA14: =if(AZ14<>"", if(BA14="",NOW(),BA14),"") | BC14: =if(BB14="Done", if(BC14="",NOW(),BC14),"") | BE14: =BH14 -> Done | BF14: Dian Hasanudin | BG14: =if(BF14<>"", if(BG14="",NOW(),BG14),"") -> 46281.555 | BH14: Done | BI14: =if(BH14="Done", if(BI14="",NOW(),BI14),"") -> 46288.631 | BJ14: 2 | BL14: =F14 | BN14: =if(BM14<>"", if(BN14="",NOW(),BN14),"") | BP14: =if(BO14="Done", if(BP14="",NOW(),BP14),"") | BT14: =BW14 | BV14: =if(BU14<>"", if(BV14="",NOW(),BV14),"") | BX14: =if(BW14="Done", if(BX14="",NOW(),BX14),"") | BZ14: =CC14 | CB14: =if(CA14<>"", if(CB14="",NOW(),CB14),"") | CD14: =if(CC14="Done", if(CD14="",NOW(),CD14),"") | CF14: =CI14 | CK14: 0
A15: 3 | B15: Troubleshooting Sistem Navigasi VOR/ILS Pesawat F-16 | D15: 3 | E15: 3 | G15: Dian Hasanudin | I15: =D15 -> 3 | J15: Faaidh Abdurrazzak | K15: =if(J15<>"", if(K15="",NOW(),K15),"") -> 46261.397 | L15: Done | M15: =if(L15="Done", if(M15="",NOW(),M15),"") -> 46261.595 | Q15: =T15 -> Done | R15: Faaidh Abdurrazzak | S15: =if(R15<>"", if(S15="",NOW(),S15),"") -> 46266.381 | T15: Done | U15: =if(T15="Done", if(U15="",NOW(),U15),"") -> 46266.438 | V15: 0.3 | W15: =Z15 | AC15: =AG15 -> Done | AD15: 1 | AE15: Dian Hasanudin | AF15: =if(AE15<>"", if(AF15="",NOW(),AF15),"") -> 46265.633 | AG15: Done | AH15: 46265.654 | AI15: 1 | AK15: =E15 -> 3 | AL15: Faaidh Abdurrazzak | AM15: =if(AL15<>"", if(AM15="",NOW(),AM15),"") -> 46269.393 | AN15: Done | AO15: =if(AN15="Done", if(AO15="",NOW(),AO15),"") -> 46269.593 | AS15: =AV15 -> Done | AT15: Faaidh Abdurrazzak | AU15: =if(AT15<>"", if(AU15="",NOW(),AU15),"") -> 46273.475 | AV15: Done | AW15: =if(AV15="Done", if(AW15="",NOW(),AW15),"") -> 46283.66 | AX15: 0.3 | AY15: =BB15 | BA15: =if(AZ15<>"", if(BA15="",NOW(),BA15),"") | BC15: =if(BB15="Done", if(BC15="",NOW(),BC15),"") | BE15: =BH15 -> Done | BF15: Dian Hasanudin | BG15: =if(BF15<>"", if(BG15="",NOW(),BG15),"") -> 46282.401 | BH15: Done | BI15: =if(BH15="Done", if(BI15="",NOW(),BI15),"") -> 46289.436 | BJ15: 2 | BL15: =F15 | BN15: =if(BM15<>"", if(BN15="",NOW(),BN15),"") | BP15: =if(BO15="Done", if(BP15="",NOW(),BP15),"") | BT15: =BW15 | BV15: =if(BU15<>"", if(BV15="",NOW(),BV15),"") | BX15: =if(BW15="Done", if(BX15="",NOW(),BX15),"") | BZ15: =CC15 | CB15: =if(CA15<>"", if(CB15="",NOW(),CB15),"") | CD15: =if(CC15="Done", if(CD15="",NOW(),CD15),"") | CF15: =CI15 | CH15: =if(CG15<>"", if(CH15="",NOW(),CH15),"") | CJ15: =if(CI15="Done", if(CJ15="",NOW(),CJ15),"") | CK15: 0
A16: 4 | B16: Pelepasan & Pemasangan (Removal & Installation) External Power Monitor pada Pesawat F-16 | J16: Lungga Islam Setiagama | K16: =if(J16<>"", if(K16="",NOW(),K16),"") -> 46307.407 | L16: Done | M16: =if(L16="Done", if(M16="",NOW(),M16),"") -> 46307.681 | AC16: =AG16 -> Done | AD16: 1 | AE16: Faaidh Abdurrazzak | AF16: =if(AE16<>"", if(AF16="",NOW(),AF16),"") -> 46310.603 | AG16: Done | AH16: =if(AG16<>"", if(AH16="",NOW(),AH16),"") -> 46310.892 | AI16: 1 | AL16: Lungga Islam Setiagama | AM16: =if(AL16<>"", if(AM16="",NOW(),AM16),"") -> 46316.408 | AN16: Ongoing | AO16: =if(AN16="Done", if(AO16="",NOW(),AO16),"")
A17: 5 | B17: Pengujian Operasional Transponder AIFF AN/APX-126 Menggunakan Ramp Test Set pada Pesawat F-16 | J17: Faaidh Abdurrazzak | K17: =if(J17<>"", if(K17="",NOW(),K17),"") -> 46307.442 | L17: Done | M17: =if(L17="Done", if(M17="",NOW(),M17),"") -> 46307.706 | AC17: =AG17 -> Done | AD17: 1 | AE17: Muhamad Ade Saputra | AF17: =if(AE17<>"", if(AF17="",NOW(),AF17),"") -> 46314.416 | AG17: Done | AH17: 46314.476 | AI17: 1
A18: C | B18: Kompas (Magnetic Compass System - Mandiri)
A19: 1 | B19: Kalibrasi Deviasi Magnetic Compass AQU-3/A pada Pesawat F-16 | D19: 3 | E19: 3 | I19: =D19 -> 3 | J19: Faaidh Abdurrazzak | K19: =if(J19<>"", if(K19="",NOW(),K19),"") -> 46261.611 | L19: Done | M19: =if(L19="Done", if(M19="",NOW(),M19),"") -> 46262.573 | Q19: =T19 | S19: =if(R19<>"", if(S19="",NOW(),S19),"") | U19: =if(T19="Done", if(U19="",NOW(),U19),"") | W19: =Z19 | AC19: =AG19 -> Done | AD19: 1 | AE19: Muhamad Ade Saputra | AF19: =if(AE19<>"", if(AF19="",NOW(),AF19),"") -> 46314.55 | AG19: Done | AH19: =if(AG19<>"", if(AH19="",NOW(),AH19),"") -> 46314.55 | AI19: 1 | AK19: =E19 -> 3 | AL19: Faaidh Abdurrazzak | AM19: =if(AL19<>"", if(AM19="",NOW(),AM19),"") -> 46269.593 | AN19: Done | AO19: =if(AN19="Done", if(AO19="",NOW(),AO19),"") -> 46272.483 | AS19: =AV19 -> Done | AT19: Faaidh Abdurrazzak | AU19: =if(AT19<>"", if(AU19="",NOW(),AU19),"") -> 46273.475 | AV19: Done | AW19: =if(AV19="Done", if(AW19="",NOW(),AW19),"") -> 46273.475 | BA19: =if(AZ19<>"", if(BA19="",NOW(),BA19),"") | BC19: =if(BB19="Done", if(BC19="",NOW(),BC19),"") | BE19: =BH19 -> Done | BF19: Dian Hasanudin | BG19: =if(BF19<>"", if(BG19="",NOW(),BG19),"") -> 46311.683 | BH19: Done | BI19: =if(BH19="Done", if(BI19="",NOW(),BI19),"") -> 46315.57 | BJ19: 1 | BL19: =F19 | BN19: =if(BM19<>"", if(BN19="",NOW(),BN19),"") | BP19: =if(BO19="Done", if(BP19="",NOW(),BP19),"") | BT19: =BW19 | BV19: =if(BU19<>"", if(BV19="",NOW(),BV19),"") | BX19: =if(BW19="Done", if(BX19="",NOW(),BX19),"") | BZ19: =CC19 | CB19: =if(CA19<>"", if(CB19="",NOW(),CB19),"") | CD19: =if(CC19="Done", if(CD19="",NOW(),CD19),"") | CF19: =CI19
A20: 2 | B20: Analisis Koefisien Deviasi & Koreksi Fisik Kompas AQU-3/A Pesawat F-16 | D20: 3 | E20: 3 | I20: =D20 -> 3 | J20: Tyara Patricia | K20: =if(J20<>"", if(K20="",NOW(),K20),"") -> 46261.691 | L20: Done | M20: =if(L20="Done", if(M20="",NOW(),M20),"") -> 46262.588 | Q20: =T20 -> Done | R20: Tyara Patricia | S20: =if(R20<>"", if(S20="",NOW(),S20),"") -> 46267.687 | T20: Done | U20: =if(T20="Done", if(U20="",NOW(),U20),"") -> 46268.706 | V20: 1 | AC20: =AG20 -> Done | AD20: 1 | AE20: Dian Hasanudin | AF20: 46315.57 | AG20: Done | AH20: =if(AG20="Done", if(AH20="",NOW(),AH20),"") -> 46316.078 | AI20: 1 | AK20: =E20 -> 3 | AL20: Tyara Patricia | AM20: =if(AL20<>"", if(AM20="",NOW(),AM20),"") -> 46269.617 | AN20: Done | AO20: =if(AN20="Done", if(AO20="",NOW(),AO20),"") -> 46273.703 | AS20: =AV20 | AU20: =if(AT20<>"", if(AU20="",NOW(),AU20),"") | AW20: =if(AV20="Done", if(AW20="",NOW(),AW20),"") | BA20: =if(AZ20<>"", if(BA20="",NOW(),BA20),"") | BC20: =if(BB20="Done", if(BC20="",NOW(),BC20),"") | BE20: =BH20 -> Done | BF20: Dian Hasanudin | BG20: =if(BF20<>"", if(BG20="",NOW(),BG20),"") -> 46315.57 | BH20: Done | BI20: =if(BH20="Done", if(BI20="",NOW(),BI20),"") -> 46316.078 | BJ20: 1 | BL20: =F20 | BN20: =if(BM20<>"", if(BN20="",NOW(),BN20),"") | BP20: =if(BO20="Done", if(BP20="",NOW(),BP20),"") | BV20: =if(BU20<>"", if(BV20="",NOW(),BV20),"") | BX20: =if(BW20="Done", if(BX20="",NOW(),BX20),"") | CB20: =if(CA20<>"", if(CB20="",NOW(),CB20),"") | CD20: =if(CC20="Done", if(CD20="",NOW(),CD20),"")
A21: D | B21: Troubleshooting & Safety Culture | AD21: =Y21
A22: 1 | B22: Troubleshooting & Isolasi Modul LRU Avionik Pesawat F-16 | D22: 3 | E22: 3 | I22: =D22 -> 3 | J22: Lungga Islam Setiagama | K22: =if(J22<>"", if(K22="",NOW(),K22),"") -> 46261.692 | L22: Done | M22: =if(L22="Done", if(M22="",NOW(),M22),"") -> 46262.64 | Q22: =T22 -> Done | R22: Faaidh Abdurrazzak | S22: 46279.443 | T22: Done | U22: 46279.583 | V22: 0.4 | W22: =Z22 | AC22: =AG22 -> Done | AD22: 1 | AE22: Muhamad Ade Saputra | AF22: =if(AE22<>"", if(AF22="",NOW(),AF22),"") -> 46315.657 | AG22: Done | AH22: =if(AG22<>"", if(AH22="",NOW(),AH22),"") -> 46315.657 | AI22: 1 | AK22: =E22 -> 3 | AL22: Faaidh Abdurrazzak | AM22: =if(AL22<>"", if(AM22="",NOW(),AM22),"") -> 46275.678 | AN22: Done | AO22: =if(AN22="Done", if(AO22="",NOW(),AO22),"") -> 46279.623 | AS22: =AV22 | AU22: =if(AT22<>"", if(AU22="",NOW(),AU22),"") | AW22: =if(AV22="Done", if(AW22="",NOW(),AW22),"") | BA22: =if(AZ22<>"", if(BA22="",NOW(),BA22),"") | BC22: =if(BB22="Done", if(BC22="",NOW(),BC22),"") | BE22: =BH22 | BG22: =if(BF22<>"", if(BG22="",NOW(),BG22),"") | BI22: =if(BH22="Done", if(BI22="",NOW(),BI22),"") | BJ22: 0 | BL22: =F22 | BN22: =if(BM22<>"", if(BN22="",NOW(),BN22),"") | BP22: =if(BO22="Done", if(BP22="",NOW(),BP22),"") | BT22: =BW22 | BV22: =if(BU22<>"", if(BV22="",NOW(),BV22),"") | BX22: =if(BW22="Done", if(BX22="",NOW(),BX22),"") | BZ22: =CC22 | CB22: =if(CA22<>"", if(CB22="",NOW(),CB22),"") | CD22: =if(CC22="Done", if(CD22="",NOW(),CD22),"") | CF22: =CI22
A23: 2 | B23: Penerapan Safety Culture, ESD Protection & Penanganan Darurat Baterai Lithium Pesawat F-16 | D23: 3 | E23: 3 | I23: =D23 -> 3 | J23: Faaidh Abdurrazzak | K23: =if(J23<>"", if(K23="",NOW(),K23),"") -> 46262.573 | L23: Done | M23: =if(L23="Done", if(M23="",NOW(),M23),"") -> 46262.706 | Q23: =T23 | S23: =if(R23<>"", if(S23="",NOW(),S23),"") | U23: =if(T23="Done", if(U23="",NOW(),U23),"") | W23: =Z23 | AC23: =AG23 -> Done | AD23: 1 | AE23: Muhamad Ade Saputra | AF23: =if(AE23<>"", if(AF23="",NOW(),AF23),"") -> 46314.615 | AG23: Done | AH23: =if(AG23<>"", if(AH23="",NOW(),AH23),"") -> 46314.615 | AI23: 1 | AK23: =E23 -> 3 | AL23: Faaidh Abdurrazzak | AM23: =if(AL23<>"", if(AM23="",NOW(),AM23),"") -> 46272.484 | AN23: Done | AO23: =if(AN23="Done", if(AO23="",NOW(),AO23),"") -> 46274.468 | AS23: =AV23 | AU23: =if(AT23<>"", if(AU23="",NOW(),AU23),"") | AW23: =if(AV23="Done", if(AW23="",NOW(),AW23),"") | BA23: =if(AZ23<>"", if(BA23="",NOW(),BA23),"") | BC23: =if(BB23="Done", if(BC23="",NOW(),BC23),"") | BE23: =BH23 | BG23: =if(BF23<>"", if(BG23="",NOW(),BG23),"") | BI23: =if(BH23="Done", if(BI23="",NOW(),BI23),"") | BJ23: 0 | BL23: =F23 | BN23: =if(BM23<>"", if(BN23="",NOW(),BN23),"") | BP23: =if(BO23="Done", if(BP23="",NOW(),BP23),"") | BT23: =BW23 | BV23: =if(BU23<>"", if(BV23="",NOW(),BV23),"") | BX23: =if(BW23="Done", if(BX23="",NOW(),BX23),"") | BZ23: =CC23 | CB23: =if(CA23<>"", if(CB23="",NOW(),CB23),"") | CD23: =if(CC23="Done", if(CD23="",NOW(),CD23),"") | CF23: =CI23
A24: E | B24: Kesiapan Kerja, Magang & Sertifikasi Kompetensi | AD24: =Y24
A25: 1 | B25: Perancangan CV Berbasis ATS & Kesiapan Kerja EA | D25: 3 | E25: 2 | I25: =D25 -> 3 | J25: Lungga Islam Setiagama | K25: 46274.605 | L25: Done | M25: 46275.584 | AC25: =AG25 -> Done | AD25: 1 | AE25: Dian Hasanudin | AF25: 46294.418 | AG25: Done | AH25: 46294.646 | AI25: 1 | AK25: 1 | AL25: Lungga Islam Setiagama | AM25: 46275.586 | AN25: Done | AO25: 46279.75 | AS25: Done | AT25: Lungga Islam Setiagama | AU25: 46294.646 | AV25: Done | AW25: 46294.655 | AX25: 0.2 | BE25: Done | BF25: Dian Hasanudin | BG25: 46294.418 | BH25: Done | BI25: 46294.646 | BJ25: 2 | BN25: =if(BM25<>"", if(BN25="",NOW(),BN25),"") | BP25: =if(BO25="Done", if(BP25="",NOW(),BP25),"")
A26: 2 | B26: Simulasi Wawancara Kerja & Demonstrasi Teknis EA | D26: 3 | E26: 3 | I26: =D26 -> 3 | J26: Muhamad Ade Saputra | K26: =if(J26<>"", if(K26="",NOW(),K26),"") -> 46268.46 | L26: Done | M26: =if(L26="Done", if(M26="",NOW(),M26),"") -> 46268.709 | Q26: =T26 | S26: =if(R26<>"", if(S26="",NOW(),S26),"") | U26: =if(T26="Done", if(U26="",NOW(),U26),"") | W26: =Z26 | AC26: =AG26 -> Done | AD26: 1 | AE26: Dian Hasanudin | AF26: =if(AE26<>"", if(AF26="",NOW(),AF26),"") -> 46293.472 | AG26: Done | AH26: =if(AG26<>"", if(AH26="",NOW(),AH26),"") -> 46293.472 | AI26: 1 | AK26: =E26 -> 3 | AL26: Muhamad Ade Saputra | AM26: =if(AL26<>"", if(AM26="",NOW(),AM26),"") -> 46275.681 | AN26: Done | AO26: =if(AN26="Done", if(AO26="",NOW(),AO26),"") -> 46279.598 | AS26: =AV26 | AU26: =if(AT26<>"", if(AU26="",NOW(),AU26),"") | AW26: =if(AV26="Done", if(AW26="",NOW(),AW26),"") | BA26: =if(AZ26<>"", if(BA26="",NOW(),BA26),"") | BC26: =if(BB26="Done", if(BC26="",NOW(),BC26),"") | BE26: =BH26 -> Done | BF26: Dian Hasanudin | BG26: 46293.691 | BH26: Done | BI26: 46294.407 | BJ26: 1 | BN26: =if(BM26<>"", if(BN26="",NOW(),BN26),"") | BP26: =if(BO26="Done", if(BP26="",NOW(),BP26),"") | BT26: =BW26 | BV26: =if(BU26<>"", if(BV26="",NOW(),BV26),"") | BX26: =if(BW26="Done", if(BX26="",NOW(),BX26),"") | BZ26: =CC26 | CB26: =if(CA26<>"", if(CB26="",NOW(),CB26),"") | CD26: =if(CC26="Done", if(CD26="",NOW(),CD26),"") | CF26: =CI26
A27: II | B27: AIRFRAME AND POWERPLANT (AFP) | AD27: =Y27
A28: A | B28: Struktur Pesawat (Airframe System) | AD28: =Y28
A29: 1 | B29: Penyelarasan Celah dan Pemasangan Shim Struktural Ventral Fin Pesawat F-16 | D29: 3 | E29: 3 | I29: =D29 -> 3 | J29: Tyara Patricia | K29: =if(J29<>"", if(K29="",NOW(),K29),"") -> 46262.59 | L29: Done | M29: =if(L29="Done", if(M29="",NOW(),M29),"") -> 46265.471 | Q29: =T29 | S29: =if(R29<>"", if(S29="",NOW(),S29),"") | U29: =if(T29="Done", if(U29="",NOW(),U29),"") | W29: =Z29 | AC29: =AG29 -> Ongoing | AD29: 1 | AE29: Muhamad Ade Saputra | AF29: =if(AE29<>"", if(AF29="",NOW(),AF29),"") -> 46316.385 | AG29: Ongoing | AH29: =if(AG29="Done", if(AH29="",NOW(),AH29),"") | AI29: 0 | AK29: =E29 -> 3 | AL29: Tyara Patricia | AM29: =if(AL29<>"", if(AM29="",NOW(),AM29),"") -> 46274.381 | AN29: Done | AO29: =if(AN29="Done", if(AO29="",NOW(),AO29),"") -> 46274.705 | AS29: =AV29 | AU29: =if(AT29<>"", if(AU29="",NOW(),AU29),"") | AW29: =if(AV29="Done", if(AW29="",NOW(),AW29),"") | BA29: =if(AZ29<>"", if(BA29="",NOW(),BA29),"") | BC29: =if(BB29="Done", if(BC29="",NOW(),BC29),"") | BE29: =BH29 | BG29: =if(BF29<>"", if(BG29="",NOW(),BG29),"") | BI29: =if(BH29="Done", if(BI29="",NOW(),BI29),"") | BJ29: 0 | BL29: =AG29 -> Ongoing | BN29: =if(BM29<>"", if(BN29="",NOW(),BN29),"") | BP29: =if(BO29="Done", if(BP29="",NOW(),BP29),"") | BT29: =BW29 | BV29: =if(BU29<>"", if(BV29="",NOW(),BV29),"") | BX29: =if(BW29="Done", if(BX29="",NOW(),BX29),"") | BZ29: =CC29 | CB29: =if(CA29<>"", if(CB29="",NOW(),CB29),"") | CD29: =if(CC29="Done", if(CD29="",NOW(),CD29),"") | CF29: =CI29
A30: 2 | B30: Prosedur Pendongkrakan (Jacking) Struktural Rangka Utama dan Penyelarasan Nose Radome Pesawat F-16 | D30: 3 | E30: 3 | I30: =D30 -> 3 | J30: Lungga Islam Setiagama | K30: =if(J30<>"", if(K30="",NOW(),K30),"") -> 46262.64 | L30: Done | M30: =if(L30="Done", if(M30="",NOW(),M30),"") -> 46304.654 | Q30: =T30 -> Revision | T30: Revision | AC30: =AG30 | AD30: 1 | AF30: =if(AE30<>"", if(AF30="",NOW(),AF30),"") | AH30: =if(AG30="Done", if(AH30="",NOW(),AH30),"") | AI30: 0 | AK30: =E30 -> 3 | AL30: Tyara Patricia | AM30: =if(AL30<>"", if(AM30="",NOW(),AM30),"") -> 46279.49 | AN30: Done | AO30: =if(AN30="Done", if(AO30="",NOW(),AO30),"") -> 46280.442 | AS30: =AV30 -> Revision | AU30: =if(AT30<>"", if(AU30="",NOW(),AU30),"") | AV30: Revision | AW30: =if(AV30="Done", if(AW30="",NOW(),AW30),"") | BA30: =if(AZ30<>"", if(BA30="",NOW(),BA30),"") | BC30: =if(BB30="Done", if(BC30="",NOW(),BC30),"") | BE30: =BH30 | BG30: =if(BF30<>"", if(BG30="",NOW(),BG30),"") | BI30: =if(BH30="Done", if(BI30="",NOW(),BI30),"") | BJ30: 0 | BN30: =if(BM30<>"", if(BN30="",NOW(),BN30),"") | BP30: =if(BO30="Done", if(BP30="",NOW(),BP30),"") | BV30: =if(BU30<>"", if(BV30="",NOW(),BV30),"") | BX30: =if(BW30="Done", if(BX30="",NOW(),BX30),"") | CB30: =if(CA30<>"", if(CB30="",NOW(),CB30),"") | CD30: =if(CC30="Done", if(CD30="",NOW(),CD30),"")
A31: 3 | B31: Prosedur Pembukaan, Penutupan, dan Penyelarasan (Alignment) Nose Radome Pesawat F-16 | J31: Muhamad Ade Saputra | K31: =if(J31<>"", if(K31="",NOW(),K31),"") -> 46307.673 | L31: Done | M31: =if(L31="Done", if(M31="",NOW(),M31),"") -> 46309.469 | Q31: =T31 | AC31: =AG31 -> Done | AD31: 1 | AE31: Faaidh Abdurrazzak | AF31: =if(AE31<>"", if(AF31="",NOW(),AF31),"") -> 46311.405 | AG31: Done | AH31: =if(AG31<>"", if(AH31="",NOW(),AH31),"") -> 46311.452 | AI31: 1
A32: B | B32: Mesin Pesawat (Powerplant System) | AD32: =Y32
A33: 1 | B33: Prosedur Penurunan (Removal) dan Pemasangan (Installation) Mesin Turbofan F100-PW-220/220E F-16 | D33: 3 | E33: 5 | I33: =D33 -> 3 | J33: Faaidh Abdurrazzak | K33: =if(J33<>"", if(K33="",NOW(),K33),"") -> 46265.397 | L33: Done | M33: =if(L33="Done", if(M33="",NOW(),M33),"") -> 46265.468 | Q33: =T33 | S33: =if(R33<>"", if(S33="",NOW(),S33),"") | U33: =if(T33="Done", if(U33="",NOW(),U33),"") | W33: =Z33 | AC33: =AG33 | AD33: 1 | AF33: =if(AE33<>"", if(AF33="",NOW(),AF33),"") | AH33: =if(AG33="Done", if(AH33="",NOW(),AH33),"") | AI33: 0 | AK33: =E33 -> 5 | AL33: Faaidh Abdurrazzak | AM33: =if(AL33<>"", if(AM33="",NOW(),AM33),"") -> 46274.471 | AN33: Done | AO33: =if(AN33="Done", if(AO33="",NOW(),AO33),"") -> 46293.61 | AS33: =AV33 -> Done | AT33: Faaidh Abdurrazzak | AU33: =if(AT33<>"", if(AU33="",NOW(),AU33),"") -> 46290.393 | AV33: Done | AW33: =if(AV33="Done", if(AW33="",NOW(),AW33),"") -> 46293.61 | AX33: 0.5 | AY33: =BB33 | BA33: =if(AZ33<>"", if(BA33="",NOW(),BA33),"") | BC33: =if(BB33="Done", if(BC33="",NOW(),BC33),"") | BE33: =BH33 -> Done | BF33: Dian Hasanudin | BG33: =if(BF33<>"", if(BG33="",NOW(),BG33),"") -> 46289.451 | BH33: Done | BI33: =if(BH33="Done", if(BI33="",NOW(),BI33),"") -> 46289.684 | BJ33: 2 | BN33: =if(BM33<>"", if(BN33="",NOW(),BN33),"") | BP33: =if(BO33="Done", if(BP33="",NOW(),BP33),"") | BT33: =BW33 | BV33: =if(BU33<>"", if(BV33="",NOW(),BV33),"") | BX33: =if(BW33="Done", if(BX33="",NOW(),BX33),"") | BZ33: =CC33 | CB33: =if(CA33<>"", if(CB33="",NOW(),CB33),"") | CD33: =if(CC33="Done", if(CD33="",NOW(),CD33),"") | CF33: =CI33 | CH33: =if(CG33<>"", if(CH33="",NOW(),CH33),"") | CJ33: =if(CI33="Done", if(CJ33="",NOW(),CJ33),"") | CK33: 0
A34: 2 | B34: Metode Pengencangan Torsi dan Pengikatan Kawat Pengaman (Safety Wiring) Fastener F-16 | D34: 3 | E34: 3 | I34: =D34 -> 3 | J34: Faaidh Abdurrazzak | K34: =if(J34<>"", if(K34="",NOW(),K34),"") -> 46265.468 | L34: Done | M34: =if(L34="Done", if(M34="",NOW(),M34),"") -> 46265.686 | Q34: =T34 -> Revision | S34: =if(R34<>"", if(S34="",NOW(),S34),"") | T34: Revision | U34: =if(T34="Done", if(U34="",NOW(),U34),"") | W34: =Z34 | AC34: =AG34 | AD34: 1 | AF34: =if(AE34<>"", if(AF34="",NOW(),AF34),"") | AH34: =if(AG34="Done", if(AH34="",NOW(),AH34),"") | AI34: 0 | AK34: =E34 -> 3 | AL34: Faaidh Abdurrazzak | AM34: =if(AL34<>"", if(AM34="",NOW(),AM34),"") -> 46275.425 | AN34: Done | AO34: =if(AN34="Done", if(AO34="",NOW(),AO34),"") -> 46275.678 | AS34: =AV34 -> Revision | AU34: =if(AT34<>"", if(AU34="",NOW(),AU34),"") | AV34: Revision | AW34: =if(AV34="Done", if(AW34="",NOW(),AW34),"") | AY34: =BB34 | BA34: =if(AZ34<>"", if(BA34="",NOW(),BA34),"") | BC34: =if(BB34="Done", if(BC34="",NOW(),BC34),"") | BE34: =BH34 -> Done | BF34: Dian Hasanudin | BG34: =if(BF34<>"", if(BG34="",NOW(),BG34),"") -> 46301.389 | BH34: Done | BI34: =if(BH34="Done", if(BI34="",NOW(),BI34),"") -> 46301.389 | BJ34: 1 | BN34: =if(BM34<>"", if(BN34="",NOW(),BN34),"") | BP34: =if(BO34="Done", if(BP34="",NOW(),BP34),"") | BT34: =BW34 | BV34: =if(BU34<>"", if(BV34="",NOW(),BV34),"") | BX34: =if(BW34="Done", if(BX34="",NOW(),BX34),"") | BZ34: =CC34 | CB34: =if(CA34<>"", if(CB34="",NOW(),CB34),"") | CD34: =if(CC34="Done", if(CD34="",NOW(),CD34),"") | CF34: =CI34 | CJ34: =if(CI34="Done", if(CJ34="",NOW(),CJ34),"") | CK34: 0
A35: 3 | B35: Prosedur Inspeksi Visual Magnetic Chip Detector dan Servis Main Oil Filter Mesin F100-PW-220 | J35: Lungga Islam Setiagama | K35: =if(J35<>"", if(K35="",NOW(),K35),"") -> 46307.682 | L35: Done | M35: =if(L35="Done", if(M35="",NOW(),M35),"") -> 46308.595 | AC35: =AG35 -> Done | AD35: 1 | AE35: Faaidh Abdurrazzak | AF35: =if(AE35<>"", if(AF35="",NOW(),AF35),"") -> 46311.452 | AG35: Done | AH35: =if(AG35<>"", if(AH35="",NOW(),AH35),"") -> 46311.558 | AI35: 1
A36: 4 | B36: Prosedur Pengoperasian Jet Fuel Starter (JFS) dan Dry Motoring Mesin F100-PW-220 | J36: Faaidh Abdurrazzak | K36: =if(J36<>"", if(K36="",NOW(),K36),"") -> 46308.377 | L36: Done | M36: =if(L36="Done", if(M36="",NOW(),M36),"") -> 46308.688 | AC36: =AG36 -> Done | AD36: 1 | AE36: Muhamad Ade Saputra | AF36: =if(AE36<>"", if(AF36="",NOW(),AF36),"") -> 46315.602 | AG36: Done | AH36: =if(AG36="Done", if(AH36="",NOW(),AH36),"") -> 46315.656 | AI36: 1
A37: C | B37: Sistem Hidrolik Pesawat (Aircraft Hydraulic System)
A38: 1 | B38: Prosedur Pengujian Tekanan Kerja dan Deteksi Kebocoran Sirkuit Hidrolik Pesawat F-16 | I38: =D38 | J38: Lungga Islam Setiagama | K38: =if(J38<>"", if(K38="",NOW(),K38),"") -> 46308.595 | L38: Done | M38: =if(L38="Done", if(M38="",NOW(),M38),"") -> 46309.628 | Q38: =T38 | S38: =if(R38<>"", if(S38="",NOW(),S38),"") | U38: =if(T38="Done", if(U38="",NOW(),U38),"") | AC38: =AG38 | AF38: =if(AE38<>"", if(AF38="",NOW(),AF38),"") | AH38: =if(AG38="Done", if(AH38="",NOW(),AH38),"") | AI38: 0 | AK38: =E38 | AM38: =if(AL38<>"", if(AM38="",NOW(),AM38),"") | AO38: =if(AN38="Done", if(AO38="",NOW(),AO38),"") | AS38: =AV38 | AU38: =if(AT38<>"", if(AU38="",NOW(),AU38),"") | AW38: =if(AV38="Done", if(AW38="",NOW(),AW38),"") | AY38: =BB38 | BA38: =if(AZ38<>"", if(BA38="",NOW(),BA38),"") | BC38: =if(BB38="Done", if(BC38="",NOW(),BC38),"") | BE38: =BH38 | BG38: =if(BF38<>"", if(BG38="",NOW(),BG38),"") | BI38: =if(BH38="Done", if(BI38="",NOW(),BI38),"") | BJ38: 0 | BN38: =if(BM38<>"", if(BN38="",NOW(),BN38),"") | BP38: =if(BO38="Done", if(BP38="",NOW(),BP38),"") | BT38: =BW38 | BV38: =if(BU38<>"", if(BV38="",NOW(),BV38),"") | BX38: =if(BW38="Done", if(BX38="",NOW(),BX38),"") | BZ38: =CC38 | CB38: =if(CA38<>"", if(CB38="",NOW(),CB38),"") | CD38: =if(CC38="Done", if(CD38="",NOW(),CD38),"") | CF38: =CI38
A39: 2 | B39: Prosedur Depresurisasi Hidrolik dan Pemeriksaan Tekanan Pre-Charge Accumulator (System A, B, & JFS/Brake) Pesawat F-16 | J39: Lungga Islam Setiagama | K39: =if(J39<>"", if(K39="",NOW(),K39),"") -> 46309.628 | L39: Done | M39: =if(L39="Done", if(M39="",NOW(),M39),"") -> 46310.49 | AC39: =AG39 -> Done | AE39: Faaidh Abdurrazzak | AF39: =if(AE39<>"", if(AF39="",NOW(),AF39),"") -> 46311.57 | AG39: Done | AH39: =if(AG39<>"", if(AH39="",NOW(),AH39),"") -> 46311.656 | AI39: 1
A40: D | B40: Perawatan, Inspeksi & Safety Culture | AD40: =Y40
A41: 1 | B41: Inspeksi Keliling Pesawat (Walkaround Inspection) dan Pengukuran Level Fluida Siap Terbang F-16 | D41: 3 | E41: 3 | I41: =D41 -> 3 | J41: Tyara Patricia | K41: =if(J41<>"", if(K41="",NOW(),K41),"") -> 46265.471 | L41: Done | M41: =if(L41="Done", if(M41="",NOW(),M41),"") -> 46265.701 | Q41: =T41 | S41: =if(R41<>"", if(S41="",NOW(),S41),"") | U41: =if(T41="Done", if(U41="",NOW(),U41),"") | AC41: =AG41 -> Done | AD41: 1 | AE41: Dian Hasanudin | AF41: 46301.389 | AG41: Done | AH41: 46301.389 | AI41: 1 | AK41: =E41 -> 3 | AL41: Tyara Patricia | AM41: =if(AL41<>"", if(AM41="",NOW(),AM41),"") -> 46275.425 | AN41: Done | AO41: =if(AN41="Done", if(AO41="",NOW(),AO41),"") -> 46301.501 | AS41: =AV41 | AU41: =if(AT41<>"", if(AU41="",NOW(),AU41),"") | AW41: =if(AV41="Done", if(AW41="",NOW(),AW41),"") | AY41: =BB41 | BA41: =if(AZ41<>"", if(BA41="",NOW(),BA41),"") | BC41: =if(BB41="Done", if(BC41="",NOW(),BC41),"") | BE41: =BH41 -> Done | BF41: Dian Hasanudin | BG41: =if(BF41<>"", if(BG41="",NOW(),BG41),"") -> 46301.389 | BH41: Done | BI41: =if(BH41="Done", if(BI41="",NOW(),BI41),"") -> 46301.389 | BJ41: 1 | BN41: =if(BM41<>"", if(BN41="",NOW(),BN41),"") | BP41: =if(BO41="Done", if(BP41="",NOW(),BP41),"") | BT41: =BW41 | BV41: =if(BU41<>"", if(BV41="",NOW(),BV41),"") | BX41: =if(BW41="Done", if(BX41="",NOW(),BX41),"") | BZ41: =CC41 | CB41: =if(CA41<>"", if(CB41="",NOW(),CB41),"") | CD41: =if(CC41="Done", if(CD41="",NOW(),CD41),"") | CF41: =CI41 | CH41: =if(CG41<>"", if(CH41="",NOW(),CH41),"") | CJ41: =if(CI41="Done", if(CJ41="",NOW(),CJ41),"") | CK41: 0
A42: 2 | B42: Prosedur ground safety Ground Crew dan Penanganan Darurat Tumpahan Bahan Kimia Penerbangan | D42: 3 | E42: 3 | I42: =D42 -> 3 | J42: Lungga Islam Setiagama | K42: =if(J42<>"", if(K42="",NOW(),K42),"") -> 46265.57 | L42: Done | M42: =if(L42="Done", if(M42="",NOW(),M42),"") -> 46266.576 | Q42: =T42 | S42: =if(R42<>"", if(S42="",NOW(),S42),"") | U42: =if(T42="Done", if(U42="",NOW(),U42),"") | AC42: =AG42 -> Done | AD42: 1 | AE42: Dian Hasanudin | AF42: 46301.434 | AG42: Done | AH42: 46301.622 | AI42: 1 | AK42: =E42 -> 3 | AL42: Tyara Patricia | AM42: =if(AL42<>"", if(AM42="",NOW(),AM42),"") -> 46275.671 | AN42: Done | AO42: =if(AN42="Done", if(AO42="",NOW(),AO42),"") -> 46303.202 | AS42: =AV42 | AU42: =if(AT42<>"", if(AU42="",NOW(),AU42),"") | AW42: =if(AV42="Done", if(AW42="",NOW(),AW42),"") | AY42: =BB42 | BA42: =if(AZ42<>"", if(BA42="",NOW(),BA42),"") | BC42: =if(BB42="Done", if(BC42="",NOW(),BC42),"") | BE42: =BH42 -> Done | BF42: Dian Hasanudin | BG42: =if(BF42<>"", if(BG42="",NOW(),BG42),"") -> 46301.434 | BH42: Done | BI42: =if(BH42="Done", if(BI42="",NOW(),BI42),"") -> 46301.622 | BJ42: 1 | BN42: =if(BM42<>"", if(BN42="",NOW(),BN42),"") | BP42: =if(BO42="Done", if(BP42="",NOW(),BP42),"") | BT42: =BW42 | BV42: =if(BU42<>"", if(BV42="",NOW(),BV42),"") | BX42: =if(BW42="Done", if(BX42="",NOW(),BX42),"") | BZ42: =CC42 | CB42: =if(CA42<>"", if(CB42="",NOW(),CB42),"") | CD42: =if(CC42="Done", if(CD42="",NOW(),CD42),"") | CF42: =CI42 | CH42: =if(CG42<>"", if(CH42="",NOW(),CH42),"") | CJ42: =if(CI42="Done", if(CJ42="",NOW(),CJ42),"") | CK42: 0
A43: E | B43: Kesiapan Kerja | AD43: =Y43
A44: 1 | B44: Perancangan CV Berbasis ATS & Kesiapan Kerja AFP | D44: 3 | E44: 2 | I44: =D44 -> 3 | J44: Muhamad Ade Saputra | K44: 46279.604 | L44: Done | M44: 46280.595 | AD44: 1 | AF44: =if(AE44<>"", if(AF44="",NOW(),AF44),"") | AH44: =if(AG44="Done", if(AH44="",NOW(),AH44),"") | AI44: 0 | AK44: 1 | AL44: Lungga Islam Setiagama | AM44: 46286.444 | AN44: Done | AO44: 46286.672 | AS44: Done | AT44: Lungga Islam Setiagama | AU44: 46295.606 | AV44: Done | AW44: 46295.699 | AX44: 0.2 | BJ44: 0 | CK44: 0
A45: 2 | B45: Simulasi Wawancara Kerja & Demonstrasi Teknis AFP | D45: 4 | E45: 5 | I45: =D45 -> 4 | J45: Lungga Islam Setiagama | K45: =if(J45<>"", if(K45="",NOW(),K45),"") -> 46268.45 | L45: Done | M45: =if(L45="Done", if(M45="",NOW(),M45),"") -> 46268.707 | Q45: =T45 -> Done | R45: Faaidh Abdurrazzak | S45: =if(R45<>"", if(S45="",NOW(),S45),"") -> 46279.635 | T45: Done | U45: =if(T45="Done", if(U45="",NOW(),U45),"") -> 46279.694 | V45: 0.4 | AC45: =AG45 | AD45: 1 | AF45: =if(AE45<>"", if(AF45="",NOW(),AF45),"") | AH45: =if(AG45="Done", if(AH45="",NOW(),AH45),"") | AI45: 0 | AK45: =E45 -> 5 | AL45: Faaidh Abdurrazzak | AM45: =if(AL45<>"", if(AM45="",NOW(),AM45),"") -> 46280.383 | AN45: Done | AO45: =if(AN45="Done", if(AO45="",NOW(),AO45),"") -> 46280.736 | AS45: =AV45 | AU45: =if(AT45<>"", if(AU45="",NOW(),AU45),"") | AW45: =if(AV45="Done", if(AW45="",NOW(),AW45),"") | AY45: =BB45 | BA45: =if(AZ45<>"", if(BA45="",NOW(),BA45),"") | BC45: =if(BB45="Done", if(BC45="",NOW(),BC45),"") | BE45: =BH45 | BG45: =if(BF45<>"", if(BG45="",NOW(),BG45),"") | BI45: =if(BH45="Done", if(BI45="",NOW(),BI45),"") | BJ45: 0 | BN45: =if(BM45<>"", if(BN45="",NOW(),BN45),"") | BP45: =if(BO45="Done", if(BP45="",NOW(),BP45),"") | BT45: =BW45 | BV45: =if(BU45<>"", if(BV45="",NOW(),BV45),"") | BX45: =if(BW45="Done", if(BX45="",NOW(),BX45),"") | BZ45: =CC45 | CB45: =if(CA45<>"", if(CB45="",NOW(),CB45),"") | CD45: =if(CC45="Done", if(CD45="",NOW(),CD45),"") | CF45: =CI45 | CH45: =if(CG45<>"", if(CH45="",NOW(),CH45),"") | CJ45: =if(CI45="Done", if(CJ45="",NOW(),CJ45),"") | CK45: 0
A46: III | B46: TEKNIK KOMPUTER & JARINGAN (TKJ) | AD46: =Y46
A47: A | B47: Dasar Komputer, Desain & Pemrograman
A48: 1 | B48: Perakitan Fisik Personal Komputer (PC) | I48: =D48 | J48: Faaidh Abdurrazzak | K48: =if(J48<>"", if(K48="",NOW(),K48),"") -> 46303.574 | L48: Done | M48: =if(L48="Done", if(M48="",NOW(),M48),"") -> 46303.697 | Q48: =T48 | S48: =if(R48<>"", if(S48="",NOW(),S48),"") | U48: =if(T48="Done", if(U48="",NOW(),U48),"") | AC48: =AG48 | AD48: 1 | AF48: =if(AE48<>"", if(AF48="",NOW(),AF48),"") | AH48: =if(AG48="Done", if(AH48="",NOW(),AH48),"") | AI48: 0 | AK48: =E48 | AM48: =if(AL48<>"", if(AM48="",NOW(),AM48),"") | AO48: =if(AN48="Done", if(AO48="",NOW(),AO48),"") | AS48: =AV48 | AU48: =if(AT48<>"", if(AU48="",NOW(),AU48),"") | AW48: =if(AV48="Done", if(AW48="",NOW(),AW48),"") | AY48: =BB48 | BA48: =if(AZ48<>"", if(BA48="",NOW(),BA48),"") | BC48: =if(BB48="Done", if(BC48="",NOW(),BC48),"") | BE48: =BH48 | BG48: =if(BF48<>"", if(BG48="",NOW(),BG48),"") | BI48: =if(BH48="Done", if(BI48="",NOW(),BI48),"") | BJ48: 0 | BN48: =if(BM48<>"", if(BN48="",NOW(),BN48),"") | BP48: =if(BO48="Done", if(BP48="",NOW(),BP48),"") | BT48: =BW48 | BV48: =if(BU48<>"", if(BV48="",NOW(),BV48),"") | BX48: =if(BW48="Done", if(BX48="",NOW(),BX48),"") | BZ48: =CC48 | CB48: =if(CA48<>"", if(CB48="",NOW(),CB48),"") | CD48: =if(CC48="Done", if(CD48="",NOW(),CD48),"") | CF48: =CI48
A49: 2 | B49: Instalasi Sistem Operasi Linux Client | I49: =D49 | J49: Faaidh Abdurrazzak | K49: =if(J49<>"", if(K49="",NOW(),K49),"") -> 46304.427 | L49: Done | M49: =if(L49="Done", if(M49="",NOW(),M49),"") -> 46304.658 | Q49: =T49 | S49: =if(R49<>"", if(S49="",NOW(),S49),"") | U49: =if(T49="Done", if(U49="",NOW(),U49),"") | AC49: =AG49 | AD49: 1 | AF49: =if(AE49<>"", if(AF49="",NOW(),AF49),"") | AH49: =if(AG49="Done", if(AH49="",NOW(),AH49),"") | AI49: 0 | AK49: =E49 | AM49: =if(AL49<>"", if(AM49="",NOW(),AM49),"") | AO49: =if(AN49="Done", if(AO49="",NOW(),AO49),"") | AS49: =AV49 | AU49: =if(AT49<>"", if(AU49="",NOW(),AU49),"") | AW49: =if(AV49="Done", if(AW49="",NOW(),AW49),"") | AY49: =BB49 | BA49: =if(AZ49<>"", if(BA49="",NOW(),BA49),"") | BC49: =if(BB49="Done", if(BC49="",NOW(),BC49),"") | BE49: =BH49 | BG49: =if(BF49<>"", if(BG49="",NOW(),BG49),"") | BI49: =if(BH49="Done", if(BI49="",NOW(),BI49),"") | BJ49: 0 | BN49: =if(BM49<>"", if(BN49="",NOW(),BN49),"") | BP49: =if(BO49="Done", if(BP49="",NOW(),BP49),"") | BT49: =BW49 | BV49: =if(BU49<>"", if(BV49="",NOW(),BV49),"") | BX49: =if(BW49="Done", if(BX49="",NOW(),BX49),"") | BZ49: =CC49 | CB49: =if(CA49<>"", if(CB49="",NOW(),CB49),"") | CD49: =if(CC49="Done", if(CD49="",NOW(),CD49),"") | CF49: =CI49
A50: 3 | B50: Troubleshooting Hardware & Perawatan Perangkat Tambahan (Peripheral) | I50: =D50 | J50: Muhamad Ade Saputra | K50: =if(J50<>"", if(K50="",NOW(),K50),"") -> 46303.591 | L50: Done | M50: 46304.417 | Q50: =T50 | S50: =if(R50<>"", if(S50="",NOW(),S50),"") | U50: =if(T50="Done", if(U50="",NOW(),U50),"") | AC50: =AG50 | AD50: 1 | AF50: =if(AE50<>"", if(AF50="",NOW(),AF50),"") | AH50: =if(AG50="Done", if(AH50="",NOW(),AH50),"") | AI50: 0 | AK50: =E50 | AM50: =if(AL50<>"", if(AM50="",NOW(),AM50),"") | AO50: =if(AN50="Done", if(AO50="",NOW(),AO50),"") | AS50: =AV50 | AU50: =if(AT50<>"", if(AU50="",NOW(),AU50),"") | AW50: =if(AV50="Done", if(AW50="",NOW(),AW50),"") | AY50: =BB50 | BA50: =if(AZ50<>"", if(BA50="",NOW(),BA50),"") | BC50: =if(BB50="Done", if(BC50="",NOW(),BC50),"") | BE50: =BH50 | BG50: =if(BF50<>"", if(BG50="",NOW(),BG50),"") | BI50: =if(BH50="Done", if(BI50="",NOW(),BI50),"") | BJ50: 0 | BN50: =if(BM50<>"", if(BN50="",NOW(),BN50),"") | BP50: =if(BO50="Done", if(BP50="",NOW(),BP50),"") | BT50: =BW50 | BV50: =if(BU50<>"", if(BV50="",NOW(),BV50),"") | BX50: =if(BW50="Done", if(BX50="",NOW(),BX50),"") | BZ50: =CC50 | CB50: =if(CA50<>"", if(CB50="",NOW(),CB50),"") | CD50: =if(CC50="Done", if(CD50="",NOW(),CD50),"") | CF50: =CI50
A51: 4 | B51: Logika & Algoritma Pemrograman Dasar | I51: =D51 | J51: Lungga Islam Setiagama | K51: =if(J51<>"", if(K51="",NOW(),K51),"") -> 46314.397 | L51: Done | M51: =if(L51="Done", if(M51="",NOW(),M51),"") -> 46314.648 | Q51: =T51 | S51: =if(R51<>"", if(S51="",NOW(),S51),"") | U51: =if(T51="Done", if(U51="",NOW(),U51),"") | AC51: =AG51 | AD51: 1 | AF51: =if(AE51<>"", if(AF51="",NOW(),AF51),"") | AH51: =if(AG51="Done", if(AH51="",NOW(),AH51),"") | AI51: 0 | AK51: =E51 | AM51: =if(AL51<>"", if(AM51="",NOW(),AM51),"") | AO51: =if(AN51="Done", if(AO51="",NOW(),AO51),"") | AS51: =AV51 | AU51: =if(AT51<>"", if(AU51="",NOW(),AU51),"") | AW51: =if(AV51="Done", if(AW51="",NOW(),AW51),"") | AY51: =BB51 | BA51: =if(AZ51<>"", if(BA51="",NOW(),BA51),"") | BC51: =if(BB51="Done", if(BC51="",NOW(),BC51),"") | BE51: =BH51 | BG51: =if(BF51<>"", if(BG51="",NOW(),BG51),"") | BI51: =if(BH51="Done", if(BI51="",NOW(),BI51),"") | BJ51: 0 | BN51: =if(BM51<>"", if(BN51="",NOW(),BN51),"") | BP51: =if(BO51="Done", if(BP51="",NOW(),BP51),"") | BT51: =BW51 | BV51: =if(BU51<>"", if(BV51="",NOW(),BV51),"") | BX51: =if(BW51="Done", if(BX51="",NOW(),BX51),"") | BZ51: =CC51 | CB51: =if(CA51<>"", if(CB51="",NOW(),CB51),"") | CD51: =if(CC51="Done", if(CD51="",NOW(),CD51),"") | CF51: =CI51
A52: 5 | B52: Desain Grafis & Pemrograman Web Portal Udara | I52: =D52 | K52: =if(J52<>"", if(K52="",NOW(),K52),"") | M52: =if(L52="Done", if(M52="",NOW(),M52),"") | Q52: =T52 | S52: =if(R52<>"", if(S52="",NOW(),S52),"") | U52: =if(T52="Done", if(U52="",NOW(),U52),"") | AC52: =AG52 | AD52: 1 | AF52: =if(AE52<>"", if(AF52="",NOW(),AF52),"") | AH52: =if(AG52="Done", if(AH52="",NOW(),AH52),"") | AI52: 0 | AK52: =E52 | AM52: =if(AL52<>"", if(AM52="",NOW(),AM52),"") | AO52: =if(AN52="Done", if(AO52="",NOW(),AO52),"") | AS52: =AV52 | AU52: =if(AT52<>"", if(AU52="",NOW(),AU52),"") | AW52: =if(AV52="Done", if(AW52="",NOW(),AW52),"") | AY52: =BB52 | BA52: =if(AZ52<>"", if(BA52="",NOW(),BA52),"") | BC52: =if(BB52="Done", if(BC52="",NOW(),BC52),"") | BE52: =BH52 | BG52: =if(BF52<>"", if(BG52="",NOW(),BG52),"") | BI52: =if(BH52="Done", if(BI52="",NOW(),BI52),"") | BJ52: 0 | BN52: =if(BM52<>"", if(BN52="",NOW(),BN52),"") | BP52: =if(BO52="Done", if(BP52="",NOW(),BP52),"") | BT52: =BW52 | BV52: =if(BU52<>"", if(BV52="",NOW(),BV52),"") | BX52: =if(BW52="Done", if(BX52="",NOW(),BX52),"") | BZ52: =CC52 | CB52: =if(CA52<>"", if(CB52="",NOW(),CB52),"") | CD52: =if(CC52="Done", if(CD52="",NOW(),CD52),"") | CF52: =CI52
A53: B | B53: Jaringan Komputer (Networking System) | AD53: =Y53
A54: 1 | B54: Perancangan Skema IP & Subnetting | D54: 3 | E54: 4 | I54: =D54 -> 3 | J54: Muhamad Ade Saputra | K54: =if(J54<>"", if(K54="",NOW(),K54),"") -> 46255.615 | L54: Done | M54: =if(L54="Done", if(M54="",NOW(),M54),"") -> 46261.407 | Q54: =T54 | S54: =if(R54<>"", if(S54="",NOW(),S54),"") | U54: =if(T54="Done", if(U54="",NOW(),U54),"") | AC54: =AG54 | AD54: 1 | AF54: =if(AE54<>"", if(AF54="",NOW(),AF54),"") | AH54: =if(AG54="Done", if(AH54="",NOW(),AH54),"") | AI54: 0 | AK54: =E54 -> 4 | AL54: Muhamad Ade Saputra | AM54: =if(AL54<>"", if(AM54="",NOW(),AM54),"") -> 46261.414 | AN54: Done | AO54: =if(AN54="Done", if(AO54="",NOW(),AO54),"") -> 46261.453 | AS54: =AV54 -> Done | AT54: Muhamad Ade Saputra | AU54: =if(AT54<>"", if(AU54="",NOW(),AU54),"") -> 46301.389 | AV54: Done | AW54: =if(AV54="Done", if(AW54="",NOW(),AW54),"") -> 46301.389 | AY54: =BB54 | BA54: =if(AZ54<>"", if(BA54="",NOW(),BA54),"") | BC54: =if(BB54="Done", if(BC54="",NOW(),BC54),"") | BE54: =BH54 | BG54: =if(BF54<>"", if(BG54="",NOW(),BG54),"") | BI54: =if(BH54="Done", if(BI54="",NOW(),BI54),"") | BJ54: 0 | BN54: =if(BM54<>"", if(BN54="",NOW(),BN54),"") | BP54: =if(BO54="Done", if(BP54="",NOW(),BP54),"") | BT54: =BW54 | BV54: =if(BU54<>"", if(BV54="",NOW(),BV54),"") | BX54: =if(BW54="Done", if(BX54="",NOW(),BX54),"") | BZ54: =CC54 | CB54: =if(CA54<>"", if(CB54="",NOW(),CB54),"") | CD54: =if(CC54="Done", if(CD54="",NOW(),CD54),"") | CF54: =CI54 | CH54: =if(CG54<>"", if(CH54="",NOW(),CH54),"") | CJ54: =if(CI54="Done", if(CJ54="",NOW(),CJ54),"") | CK54: 0
A55: 2 | B55: Konfigurasi Router & Switch Manageable | D55: 3 | E55: 4 | I55: =D55 -> 3 | J55: Tyara Patricia | K55: =if(J55<>"", if(K55="",NOW(),K55),"") -> 46255.621 | L55: Done | M55: =if(L55="Done", if(M55="",NOW(),M55),"") -> 46255.709 | Q55: =T55 | S55: =if(R55<>"", if(S55="",NOW(),S55),"") | U55: =if(T55="Done", if(U55="",NOW(),U55),"") | AC55: =AG55 | AD55: 1 | AF55: =if(AE55<>"", if(AF55="",NOW(),AF55),"") | AH55: =if(AG55="Done", if(AH55="",NOW(),AH55),"") | AI55: 0 | AK55: =E55 -> 4 | AL55: Tyara Patricia | AM55: =if(AL55<>"", if(AM55="",NOW(),AM55),"") -> 46258.437 | AN55: Done | AO55: =if(AN55="Done", if(AO55="",NOW(),AO55),"") -> 46260.455 | AS55: =AV55 -> Done | AT55: Tyara Patricia | AU55: =if(AT55<>"", if(AU55="",NOW(),AU55),"") -> 46281.546 | AV55: Done | AW55: =if(AV55="Done", if(AW55="",NOW(),AW55),"") -> 46282.41 | AX55: 0.3 | AY55: =BB55 | BA55: =if(AZ55<>"", if(BA55="",NOW(),BA55),"") | BC55: =if(BB55="Done", if(BC55="",NOW(),BC55),"") | BE55: =BH55 | BG55: =if(BF55<>"", if(BG55="",NOW(),BG55),"") | BI55: =if(BH55="Done", if(BI55="",NOW(),BI55),"") | BJ55: 0 | BN55: =if(BM55<>"", if(BN55="",NOW(),BN55),"") | BP55: =if(BO55="Done", if(BP55="",NOW(),BP55),"") | BT55: =BW55 | BV55: =if(BU55<>"", if(BV55="",NOW(),BV55),"") | BX55: =if(BW55="Done", if(BX55="",NOW(),BX55),"") | BZ55: =CC55 | CB55: =if(CA55<>"", if(CB55="",NOW(),CB55),"") | CD55: =if(CC55="Done", if(CD55="",NOW(),CD55),"") | CF55: =CI55 | CH55: =if(CG55<>"", if(CH55="",NOW(),CH55),"") | CJ55: =if(CI55="Done", if(CJ55="",NOW(),CJ55),"") | CK55: 0
A56: 3 | B56: Instalasi Kabel Jaringan & Terminasi Fisik (Crimping) | D56: 3 | E56: 4 | I56: =D56 -> 3 | J56: Faaidh Abdurrazzak | K56: =if(J56<>"", if(K56="",NOW(),K56),"") -> 46255.621 | L56: Done | M56: =if(L56="Done", if(M56="",NOW(),M56),"") -> 46260.605 | Q56: =T56 | AD56: 1 | AF56: =if(AE56<>"", if(AF56="",NOW(),AF56),"") | AH56: =if(AG56="Done", if(AH56="",NOW(),AH56),"") | AI56: 0 | AK56: =E56 -> 4 | AL56: Faaidh Abdurrazzak | AM56: =if(AL56<>"", if(AM56="",NOW(),AM56),"") -> 46260.397 | AN56: Done | AO56: =if(AN56="Done", if(AO56="",NOW(),AO56),"") -> 46260.458 | AS56: =AV56 -> Done | AT56: Faaidh Abdurrazzak | AU56: =if(AT56<>"", if(AU56="",NOW(),AU56),"") -> 46281.385 | AV56: Done | AW56: =if(AV56="Done", if(AW56="",NOW(),AW56),"") -> 46281.401 | AX56: 0.2 | BA56: =if(AZ56<>"", if(BA56="",NOW(),BA56),"") | BC56: =if(BB56="Done", if(BC56="",NOW(),BC56),"") | BE56: =BH56 | BG56: =if(BF56<>"", if(BG56="",NOW(),BG56),"") | BI56: =if(BH56="Done", if(BI56="",NOW(),BI56),"") | BJ56: 0 | BN56: =if(BM56<>"", if(BN56="",NOW(),BN56),"") | BP56: =if(BO56="Done", if(BP56="",NOW(),BP56),"") | BV56: =if(BU56<>"", if(BV56="",NOW(),BV56),"") | BX56: =if(BW56="Done", if(BX56="",NOW(),BX56),"") | CB56: =if(CA56<>"", if(CB56="",NOW(),CB56),"") | CD56: =if(CC56="Done", if(CD56="",NOW(),CD56),"")
A57: 4 | B57: Pengukuran Level Daya Sinyal dan Redaman Optik Menggunakan Optical Power Meter (OPM) & Optical Light Source (OLS) | J57: Lungga Islam Setiagama | K57: =if(J57<>"", if(K57="",NOW(),K57),"") -> 46310.613 | L57: Done | M57: =if(L57="Done", if(M57="",NOW(),M57),"") -> 46311.451 | AE57: Faaidh Abdurrazzak | AF57: =if(AE57<>"", if(AF57="",NOW(),AF57),"") -> 46314.392 | AG57: Done | AH57: =if(AG57<>"", if(AH57="",NOW(),AH57),"") -> 46314.554 | AI57: 1
A58: 5 | B58: Implementasi Manajemen Kabel Fisik (Cable Ducting, Patch Panel, & Physical Labeling) Rak Server | J58: Lungga Islam Setiagama | K58: =if(J58<>"", if(K58="",NOW(),K58),"") -> 46311.451 | L58: Done | M58: =if(L58="Done", if(M58="",NOW(),M58),"") -> 46311.701 | AE58: Faaidh Abdurrazzak | AF58: =if(AE58<>"", if(AF58="",NOW(),AF58),"") -> 46314.555 | AG58: Pending | AH58: =if(AG58="Done", if(AH58="",NOW(),AH58),"") | AI58: 0
A59: C | B59: Server & Cloud Computing System | AD59: =Y59
A60: 1 | B60: Instalasi & Administrasi OS Server | D60: 3 | E60: 4 | I60: =D60 -> 3 | J60: Lungga Islam Setiagama | K60: =if(J60<>"", if(K60="",NOW(),K60),"") -> 46255.623 | L60: Done | M60: =if(L60="Done", if(M60="",NOW(),M60),"") -> 46260.396 | Q60: =T60 | S60: =if(R60<>"", if(S60="",NOW(),S60),"") | U60: =if(T60="Done", if(U60="",NOW(),U60),"") | AC60: =AG60 | AD60: 1 | AF60: =if(AE60<>"", if(AF60="",NOW(),AF60),"") | AH60: =if(AG60="Done", if(AH60="",NOW(),AH60),"") | AI60: 0 | AK60: =E60 -> 4 | AL60: Lungga Islam Setiagama | AM60: =if(AL60<>"", if(AM60="",NOW(),AM60),"") -> 46260.411 | AN60: Done | AO60: =if(AN60="Done", if(AO60="",NOW(),AO60),"") -> 46260.588 | AS60: =AV60 -> Revision | AU60: =if(AT60<>"", if(AU60="",NOW(),AU60),"") | AV60: Revision | AW60: =if(AV60="Done", if(AW60="",NOW(),AW60),"") | AY60: =BB60 | BA60: =if(AZ60<>"", if(BA60="",NOW(),BA60),"") | BC60: =if(BB60="Done", if(BC60="",NOW(),BC60),"") | BE60: =BH60 | BG60: =if(BF60<>"", if(BG60="",NOW(),BG60),"") | BI60: =if(BH60="Done", if(BI60="",NOW(),BI60),"") | BJ60: 0 | BN60: =if(BM60<>"", if(BN60="",NOW(),BN60),"") | BP60: =if(BO60="Done", if(BP60="",NOW(),BP60),"") | BT60: =BW60 | BV60: =if(BU60<>"", if(BV60="",NOW(),BV60),"") | BX60: =if(BW60="Done", if(BX60="",NOW(),BX60),"") | BZ60: =CC60 | CB60: =if(CA60<>"", if(CB60="",NOW(),CB60),"") | CD60: =if(CC60="Done", if(CD60="",NOW(),CD60),"") | CF60: =CI60 | CH60: =if(CG60<>"", if(CH60="",NOW(),CH60),"") | CJ60: =if(CI60="Done", if(CJ60="",NOW(),CJ60),"") | CK60: 0
A61: 2 | B61: Pengelolaan Layanan Cloud & Layanan Jaringan | D61: 3 | E61: 4 | I61: =D61 -> 3 | J61: Faaidh Abdurrazzak | K61: =if(J61<>"", if(K61="",NOW(),K61),"") -> 46260.47 | L61: Done | M61: =if(L61="Done", if(M61="",NOW(),M61),"") -> 46261.394 | Q61: =T61 | S61: =if(R61<>"", if(S61="",NOW(),S61),"") | U61: =if(T61="Done", if(U61="",NOW(),U61),"") | AC61: =AG61 | AD61: 1 | AF61: =if(AE61<>"", if(AF61="",NOW(),AF61),"") | AH61: =if(AG61="Done", if(AH61="",NOW(),AH61),"") | AI61: 0 | AK61: =E61 -> 4 | AL61: Faaidh Abdurrazzak | AM61: =if(AL61<>"", if(AM61="",NOW(),AM61),"") -> 46281.403 | AN61: Done | AO61: =if(AN61="Done", if(AO61="",NOW(),AO61),"") -> 46281.655 | AS61: =AV61 | AU61: =if(AT61<>"", if(AU61="",NOW(),AU61),"") | AW61: =if(AV61="Done", if(AW61="",NOW(),AW61),"") | AY61: =BB61 | BA61: =if(AZ61<>"", if(BA61="",NOW(),BA61),"") | BC61: =if(BB61="Done", if(BC61="",NOW(),BC61),"") | BE61: =BH61 | BG61: =if(BF61<>"", if(BG61="",NOW(),BG61),"") | BI61: =if(BH61="Done", if(BI61="",NOW(),BI61),"") | BJ61: 0 | BN61: =if(BM61<>"", if(BN61="",NOW(),BN61),"") | BP61: =if(BO61="Done", if(BP61="",NOW(),BP61),"") | BT61: =BW61 | BV61: =if(BU61<>"", if(BV61="",NOW(),BV61),"") | BX61: =if(BW61="Done", if(BX61="",NOW(),BX61),"") | BZ61: =CC61 | CB61: =if(CA61<>"", if(CB61="",NOW(),CB61),"") | CD61: =if(CC61="Done", if(CD61="",NOW(),CD61),"") | CF61: =CI61 | CH61: =if(CG61<>"", if(CH61="",NOW(),CH61),"") | CJ61: =if(CI61="Done", if(CJ61="",NOW(),CJ61),"") | CK61: 0
A62: D | B62: Cyber Security & IOT System | AD62: =Y62
A63: 1 | B63: Pengamanan Jaringan & Analisis Trafik | D63: 3 | E63: 4 | I63: =D63 -> 3 | J63: Tyara Patricia | K63: =if(J63<>"", if(K63="",NOW(),K63),"") -> 46281.378 | L63: Done | M63: =if(L63="Done", if(M63="",NOW(),M63),"") -> 46281.546 | Q63: =T63 | S63: =if(R63<>"", if(S63="",NOW(),S63),"") | U63: =if(T63="Done", if(U63="",NOW(),U63),"") | AC63: =AG63 | AD63: 1 | AF63: =if(AE63<>"", if(AF63="",NOW(),AF63),"") | AH63: =if(AG63="Done", if(AH63="",NOW(),AH63),"") | AI63: 0 | AK63: =E63 -> 4 | AL63: Muhamad Ade Saputra | AM63: =if(AL63<>"", if(AM63="",NOW(),AM63),"") -> 46282.429 | AN63: Done | AO63: =if(AN63="Done", if(AO63="",NOW(),AO63),"") -> 46286.469 | AS63: =AV63 | AU63: =if(AT63<>"", if(AU63="",NOW(),AU63),"") | AW63: =if(AV63="Done", if(AW63="",NOW(),AW63),"") | AY63: =BB63 | BA63: =if(AZ63<>"", if(BA63="",NOW(),BA63),"") | BC63: =if(BB63="Done", if(BC63="",NOW(),BC63),"") | BE63: =BH63 | BG63: =if(BF63<>"", if(BG63="",NOW(),BG63),"") | BI63: =if(BH63="Done", if(BI63="",NOW(),BI63),"") | BJ63: 0 | BN63: =if(BM63<>"", if(BN63="",NOW(),BN63),"") | BP63: =if(BO63="Done", if(BP63="",NOW(),BP63),"") | BT63: =BW63 | BV63: =if(BU63<>"", if(BV63="",NOW(),BV63),"") | BX63: =if(BW63="Done", if(BX63="",NOW(),BX63),"") | BZ63: =CC63 | CB63: =if(CA63<>"", if(CB63="",NOW(),CB63),"") | CD63: =if(CC63="Done", if(CD63="",NOW(),CD63),"") | CF63: =CI63 | CH63: =if(CG63<>"", if(CH63="",NOW(),CH63),"") | CJ63: =if(CI63="Done", if(CJ63="",NOW(),CJ63),"") | CK63: 0
A64: 2 | B64: Pengembangan Sistem Monitoring Hangar Berbasis IoT & AI (Artificial Intelligence) | D64: 3 | E64: 4 | I64: =D64 -> 3 | J64: Lungga Islam Setiagama | K64: =if(J64<>"", if(K64="",NOW(),K64),"") -> 46260.59 | L64: Done | M64: =if(L64="Done", if(M64="",NOW(),M64),"") -> 46261.389 | Q64: =T64 -> Revision | S64: =if(R64<>"", if(S64="",NOW(),S64),"") | T64: Revision | U64: =if(T64="Done", if(U64="",NOW(),U64),"") | AC64: =AG64 | AD64: 1 | AF64: =if(AE64<>"", if(AF64="",NOW(),AF64),"") | AH64: =if(AG64="Done", if(AH64="",NOW(),AH64),"") | AI64: 0 | AK64: =E64 -> 4 | AL64: Lungga Islam Setiagama | AM64: =if(AL64<>"", if(AM64="",NOW(),AM64),"") -> 46282.395 | AN64: Done | AO64: =if(AN64="Done", if(AO64="",NOW(),AO64),"") -> 46283.626 | AS64: =AV64 | AU64: =if(AT64<>"", if(AU64="",NOW(),AU64),"") | AW64: =if(AV64="Done", if(AW64="",NOW(),AW64),"") | AY64: =BB64 | BA64: =if(AZ64<>"", if(BA64="",NOW(),BA64),"") | BC64: =if(BB64="Done", if(BC64="",NOW(),BC64),"") | BE64: =BH64 | BG64: =if(BF64<>"", if(BG64="",NOW(),BG64),"") | BI64: =if(BH64="Done", if(BI64="",NOW(),BI64),"") | BJ64: 0 | BN64: =if(BM64<>"", if(BN64="",NOW(),BN64),"") | BP64: =if(BO64="Done", if(BP64="",NOW(),BP64),"") | BT64: =BW64 | BV64: =if(BU64<>"", if(BV64="",NOW(),BV64),"") | BX64: =if(BW64="Done", if(BX64="",NOW(),BX64),"") | BZ64: =CC64 | CB64: =if(CA64<>"", if(CB64="",NOW(),CB64),"") | CD64: =if(CC64="Done", if(CD64="",NOW(),CD64),"") | CF64: =CI64 | CH64: =if(CG64<>"", if(CH64="",NOW(),CH64),"") | CJ64: =if(CI64="Done", if(CJ64="",NOW(),CJ64),"") | CK64: 0
A65: E | B65: Problem Solving, Troubleshooting Jaringan & IOT | AD65: =Y65
A66: 1 | B66: Prosedur Pengukuran Tahanan Pembumian (Grounding) Perangkat Server Menggunakan Earth Tester | J66: Muhamad Ade Saputra | K66: =if(J66<>"", if(K66="",NOW(),K66),"") -> 46309.479 | L66: Done | M66: =if(L66="Done", if(M66="",NOW(),M66),"") -> 46310.442 | AF66: =if(AE66<>"", if(AF66="",NOW(),AF66),"") | AH66: =if(AG66="Done", if(AH66="",NOW(),AH66),"") | AI66: 0
A67: 2 | B67: Penyambungan Fisik Serat Optik (Fusion Splicing) & Pengujian Redaman Menggunakan Fusion Splicer dan Cleaver | K67: =if(J67<>"", if(K67="",NOW(),K67),"") | M67: =if(L67="Done", if(M67="",NOW(),M67),"") | AF67: =if(AE67<>"", if(AF67="",NOW(),AF67),"") | AH67: =if(AG67="Done", if(AH67="",NOW(),AH67),"") | AI67: 0
A68: 3 | B68: Troubleshooting Konektivitas Jaringan | D68: 3 | E68: 4 | I68: =D68 -> 3 | J68: Tyara Patricia | K68: =if(J68<>"", if(K68="",NOW(),K68),"") -> 46260.38 | L68: Done | M68: =if(L68="Done", if(M68="",NOW(),M68),"") -> 46260.695 | Q68: =T68 | S68: =if(R68<>"", if(S68="",NOW(),S68),"") | U68: =if(T68="Done", if(U68="",NOW(),U68),"") | AC68: =AG68 | AD68: 1 | AF68: =if(AE68<>"", if(AF68="",NOW(),AF68),"") | AH68: =if(AG68="Done", if(AH68="",NOW(),AH68),"") | AI68: 0 | AK68: =E68 -> 4 | AL68: Tyara Patricia | AM68: =if(AL68<>"", if(AM68="",NOW(),AM68),"") -> 46260.565 | AN68: Done | AO68: =if(AN68="Done", if(AO68="",NOW(),AO68),"") -> 46261.414 | AS68: =AV68 -> Done | AT68: Tyara Patricia | AU68: =if(AT68<>"", if(AU68="",NOW(),AU68),"") -> 46286.4 | AV68: Done | AW68: =if(AV68="Done", if(AW68="",NOW(),AW68),"") -> 46286.429 | AX68: 0.2 | AY68: =BB68 | BA68: =if(AZ68<>"", if(BA68="",NOW(),BA68),"") | BC68: =if(BB68="Done", if(BC68="",NOW(),BC68),"") | BE68: =BH68 | BG68: =if(BF68<>"", if(BG68="",NOW(),BG68),"") | BI68: =if(BH68="Done", if(BI68="",NOW(),BI68),"") | BJ68: 0 | BN68: =if(BM68<>"", if(BN68="",NOW(),BN68),"") | BP68: =if(BO68="Done", if(BP68="",NOW(),BP68),"") | BT68: =BW68 | BV68: =if(BU68<>"", if(BV68="",NOW(),BV68),"") | BX68: =if(BW68="Done", if(BX68="",NOW(),BX68),"") | BZ68: =CC68 | CB68: =if(CA68<>"", if(CB68="",NOW(),CB68),"") | CD68: =if(CC68="Done", if(CD68="",NOW(),CD68),"") | CF68: =CI68 | CH68: =if(CG68<>"", if(CH68="",NOW(),CH68),"") | CJ68: =if(CI68="Done", if(CJ68="",NOW(),CJ68),"") | CK68: 0
A69: 4 | B69: Integrasi IoT Hangar & Kepatuhan Safety | D69: 3 | E69: 4 | I69: =D69 -> 3 | J69: Tyara Patricia | K69: =if(J69<>"", if(K69="",NOW(),K69),"") -> 46280.453 | L69: Done | M69: =if(L69="Done", if(M69="",NOW(),M69),"") -> 46280.736 | Q69: =T69 | S69: =if(R69<>"", if(S69="",NOW(),S69),"") | U69: =if(T69="Done", if(U69="",NOW(),U69),"") | AC69: =AG69 | AD69: 1 | AF69: =if(AE69<>"", if(AF69="",NOW(),AF69),"") | AH69: =if(AG69="Done", if(AH69="",NOW(),AH69),"") | AI69: 0 | AK69: =E69 -> 4 | AL69: Tyara Patricia | AM69: =if(AL69<>"", if(AM69="",NOW(),AM69),"") -> 46283.394 | AN69: Done | AO69: =if(AN69="Done", if(AO69="",NOW(),AO69),"") -> 46283.703 | AS69: =AV69 | AU69: =if(AT69<>"", if(AU69="",NOW(),AU69),"") | AW69: =if(AV69="Done", if(AW69="",NOW(),AW69),"") | AY69: =BB69 | BA69: =if(AZ69<>"", if(BA69="",NOW(),BA69),"") | BC69: =if(BB69="Done", if(BC69="",NOW(),BC69),"") | BE69: =BH69 | BG69: =if(BF69<>"", if(BG69="",NOW(),BG69),"") | BI69: =if(BH69="Done", if(BI69="",NOW(),BI69),"") | BJ69: 0 | BN69: =if(BM69<>"", if(BN69="",NOW(),BN69),"") | BP69: =if(BO69="Done", if(BP69="",NOW(),BP69),"") | BT69: =BW69 | BV69: =if(BU69<>"", if(BV69="",NOW(),BV69),"") | BX69: =if(BW69="Done", if(BX69="",NOW(),BX69),"") | BZ69: =CC69 | CB69: =if(CA69<>"", if(CB69="",NOW(),CB69),"") | CD69: =if(CC69="Done", if(CD69="",NOW(),CD69),"") | CF69: =CI69 | CH69: =if(CG69<>"", if(CH69="",NOW(),CH69),"") | CJ69: =if(CI69="Done", if(CJ69="",NOW(),CJ69),"") | CK69: 0
A70: F | B70: Kesiapan Kerja | AD70: =Y70
A71: 1 | B71: Perancangan CV Berbasis ATS & Kesiapan Kerja IT | D71: 3 | E71: 4 | I71: =D71 -> 3 | J71: Faaidh Abdurrazzak | K71: 46282.382 | L71: Done | M71: 46283.411 | AF71: =if(AE71<>"", if(AF71="",NOW(),AF71),"") | AH71: =if(AG71="Done", if(AH71="",NOW(),AH71),"") | AI71: 0 | AK71: 4 | AL71: Faaidh Abdurrazzak | AM71: 46283.66 | AN71: Done | AO71: 46286.658 | BJ71: 0 | CK71: 0
A72: 2 | B72: Simulasi Wawancara Kerja & Demonstrasi Teknis TKJ | D72: 3 | E72: 4 | I72: =D72 -> 3 | J72: Muhamad Ade Saputra | K72: =if(J72<>"", if(K72="",NOW(),K72),"") -> 46281.486 | L72: Done | M72: =if(L72="Done", if(M72="",NOW(),M72),"") -> 46282.428 | Q72: =T72 | S72: =if(R72<>"", if(S72="",NOW(),S72),"") | U72: =if(T72="Done", if(U72="",NOW(),U72),"") | AC72: =AG72 | AD72: =Y72 | AF72: =if(AE72<>"", if(AF72="",NOW(),AF72),"") | AH72: =if(AG72="Done", if(AH72="",NOW(),AH72),"") | AI72: 0 | AK72: =E72 -> 4 | AL72: Lungga Islam Setiagama | AM72: =if(AL72<>"", if(AM72="",NOW(),AM72),"") -> 46283.632 | AN72: Done | AO72: =if(AN72="Done", if(AO72="",NOW(),AO72),"") -> 46286.444 | AS72: =AV72 -> Done | AT72: Lungga Islam Setiagama | AU72: =if(AT72<>"", if(AU72="",NOW(),AU72),"") -> 46297.158 | AV72: Done | AW72: =if(AV72="Done", if(AW72="",NOW(),AW72),"") -> 46297.158 | AX72: 0.2 | AY72: =BB72 | BA72: =if(AZ72<>"", if(BA72="",NOW(),BA72),"") | BC72: =if(BB72="Done", if(BC72="",NOW(),BC72),"") | BE72: =BH72 | BG72: =if(BF72<>"", if(BG72="",NOW(),BG72),"") | BI72: =if(BH72="Done", if(BI72="",NOW(),BI72),"") | BJ72: 0 | BN72: =if(BM72<>"", if(BN72="",NOW(),BN72),"") | BP72: =if(BO72="Done", if(BP72="",NOW(),BP72),"") | BT72: =BW72 | BV72: =if(BU72<>"", if(BV72="",NOW(),BV72),"") | BX72: =if(BW72="Done", if(BX72="",NOW(),BX72),"") | BZ72: =CC72 | CB72: =if(CA72<>"", if(CB72="",NOW(),CB72),"") | CD72: =if(CC72="Done", if(CD72="",NOW(),CD72),"") | CF72: =CI72 | CH72: =if(CG72<>"", if(CH72="",NOW(),CH72),"") | CJ72: =if(CI72="Done", if(CJ72="",NOW(),CJ72),"") | CK72: 0

Sheet VR - 3D - Product
A1: Product Content/Envi List | G1: Klasifikasi Level Model | K1: Modelling Product Content | S1: Revision 1 | T1: Revision 1 | Y1: Revision 2 | Z1: Revision 2 | AE1: QC 3D Model | AF1: Quality Check 3D Model | AL1: Texturing Product Content | AT1: Revision 1 | AU1: Revision 1 | AZ1: Revision 2 | BA1: Revision 2 | BF1: QC Texturing | BG1: Quality Check 3D Texturing | BM1: Prefabs Making (Product Content/Hardsurface) (Unity) | BU1: Revision 1 | BV1: Revision 1 | CA1: Revision 2 | CB1: Revision 2 | CG1: QC Export | CH1: Quality Check 3D Model
A2: No | B2: Scenario Code | C2: Product Name | D2: Product Type | E2: Gambar | F2: Ref Link Server | G2: Level Model | H2: Level Texture | I2: PIC Penentu | K2: Level | L2: PIC | M2: Start Time | N2: Status | O2: Finish Time | P2: Duration (Minute) | Q2: Duration Pause (Minute) | R2: Duration Final (Hour) | T2: PIC Rev 1 | U2: Start Time | V2: Status | W2: Finish Time | X2: Revision Percentage | Z2: PIC Rev 2 | AA2: Start Time | AB2: Status | AC2: Finish Time | AD2: Revision Percentage | AF2: PIC QC | AG2: Start Time | AH2: Status | AI2: Finish Time | AJ2: QC Count | AL2: Level | AM2: PIC | AN2: Start Time | AO2: Status | AP2: Finish Time | AQ2: Duration (Minute) | AR2: Duration Pause (Minute) | AS2: Duration Final (Hour) | AU2: PIC Rev 1 | AV2: Start Time | AW2: Status | AX2: Finish Time | AY2: Revision Percentage | BA2: PIC Rev 2 | BB2: Start Time | BC2: Status | BD2: Finish Time | BE2: Revision Percentage | BG2: PIC QC | BH2: Start Time | BI2: Status | BJ2: Finish Time | BK2: QC Count | BM2: Type | BN2: PIC | BO2: Start Time | BP2: Status | BQ2: Finish Time | BR2: Duration (Minute) | BS2: Duration Pause (Minute) | BT2: Duration Final (Hour) | BV2: PIC Rev 1 | BW2: Start Time | BX2: Status | BY2: Finish Time | BZ2: Revision Percentage | CB2: PIC Rev 2 | CC2: Start Time | CD2: Status | CE2: Finish Time | CF2: Revision Percentage | CH2: PIC QC | CI2: Start Time | CJ2: Status | CK2: Finish Time | CL2: QC Count
A3: =IF(C3="","",COUNTA($A$3:A3)) -> 1 | C3: CPU-AMD Ryzen Threadripper PRO 9985WX 64 Core / 128 Thread | G3: 1 | H3: 2 | I3: Yasin Nur Kholish | K3: =G3 -> 1 | L3: Arif Kurniawan | M3: 46289.608 | N3: Done | O3: 46289.626 | AG3: =if(AF3<>"", if(AG3="",NOW(),AG3),"") | AI3: =if(AH3="Done", if(AI3="",NOW(),AI3),"") | AL3: {=H3:H270} -> 2 | AM3: Arif Kurniawan | AN3: 46290.677 | AO3: Done | AP3: 46290.703 | BG3: Egi Dwi Septian | BH3: 46309.551 | BI3: Done | BJ3: 46309.552 | BK3: 1 | CG3: =CJ3 | CI3: =if(CH3<>"", if(CI3="",NOW(),CI3),"") | CK3: =if(CJ3="Done", if(CK3="",NOW(),CK3),"") | CL3: 0
A4: =IF(C4="","",COUNTA($A$3:A4)) -> 2 | C4: Motherboard-Workstation ASUS Pro WS WRX90E-SAGE SE | G4: 2 | H4: 3 | I4: Yasin Nur Kholish | K4: =G4 -> 2 | L4: Aditya Warman | M4: 46288.46 | N4: Done | O4: 46288.595 | P4: =IF(AND(M4<>"",O4<>""),(O4-M4)*1440,"") -> 194.71247 | Q4: =IF( INT(M4)=INT(O4), IF( AND(MOD(M4,1)<TIME(12,0,0), MOD(O4,1)>TIME(12,0,0)), 60, 0 ), IF( MOD(O4,1)<=TIME(12,0,0), (INT(O4)-INT(M4))*960, (INT(O4)-INT(M4))*1020 ) ) -> 60 | R4: =(P4-Q4)/60 -> 2.2452078 | S4: =V4 | Y4: =AB4 | AE4: =AH4 | AG4: =if(AF4<>"", if(AG4="",NOW(),AG4),"") | AI4: =if(AH4="Done", if(AI4="",NOW(),AI4),"") | AJ4: 0 | AL4: 3 | AM4: Aditya Warman | AN4: 46294.469 | AO4: Done | AP4: 46294.621 | AQ4: =IF(AND(AN4<>"",AP4<>""),(AP4-AN4)*1440,"") -> 219.18827 | AR4: =IF( INT(AN4)=INT(AP4), IF( AND(MOD(AN4,1)<TIME(12,0,0), MOD(AP4,1)>TIME(12,0,0)), 60, 0 ), IF( MOD(AP4,1)<=TIME(12,0,0), (INT(AP4)-INT(AN4))*960, (INT(AP4)-INT(AN4))*1020 ) ) -> 60 | AS4: =(AQ4-AR4)/60 -> 2.6531378 | AT4: =AW4 | AV4: =if(AU4<>"", if(AV4="",NOW(),AV4),"") | AX4: =if(AW4="Done", if(AX4="",NOW(),AX4),"") | AZ4: =BC4 | BB4: =if(BA4<>"", if(BB4="",NOW(),BB4),"") | BD4: =if(BC4="Done", if(BD4="",NOW(),BD4),"") | BF4: =BI4 -> Done | BG4: Egi Dwi Septian | BH4: 46309.553 | BI4: Done | BJ4: 46309.554 | BK4: 1 | BM4: =BI4 -> Done | BO4: =if(BN4<>"", if(BO4="",NOW(),BO4),"") | BQ4: =if(BP4="Done", if(BQ4="",NOW(),BQ4),"") | BR4: =IF(AND(BO4<>"",BQ4<>""),(BQ4-BO4)*1440,"") | BS4: =IF( INT(BO4)=INT(BQ4), IF( AND(MOD(BO4,1)<TIME(12,0,0), MOD(BQ4,1)>TIME(12,0,0)), 60, 0 ), IF( MOD(BQ4,1)<=TIME(12,0,0), (INT(BQ4)-INT(BO4))*960, (INT(BQ4)-INT(BO4))*1020 ) ) -> 0 | BT4: =(BR4-BS4)/60 -> 0 | BU4: =BX4 | BW4: =if(BV4<>"", if(BW4="",NOW(),BW4),"") | BY4: =if(BX4="Done", if(BY4="",NOW(),BY4),"") | CA4: =CD4 | CC4: =if(CB4<>"", if(CC4="",NOW(),CC4),"") | CE4: =if(CD4="Done", if(CE4="",NOW(),CE4),"") | CG4: =CJ4 | CI4: =if(CH4<>"", if(CI4="",NOW(),CI4),"") | CK4: =if(CJ4="Done", if(CK4="",NOW(),CK4),"") | CL4: 0
A5: =IF(C5="","",COUNTA($A$3:A5)) -> 3 | C5: RAM-256 GB DDR5 ECC RDIMM 8×32 GB | G5: 1 | H5: 1 | I5: Yasin Nur Kholish | K5: =G5 -> 1 | L5: Arif Kurniawan | M5: 46289.647 | N5: Done | O5: 46289.667 | P5: =IF(AND(M5<>"",O5<>""),(O5-M5)*1440,"") -> 29.105 | Q5: =IF( INT(M5)=INT(O5), IF( AND(MOD(M5,1)<TIME(12,0,0), MOD(O5,1)>TIME(12,0,0)), 60, 0 ), IF( MOD(O5,1)<=TIME(12,0,0), (INT(O5)-INT(M5))*960, (INT(O5)-INT(M5))*1020 ) ) -> 0 | R5: =(P5-Q5)/60 -> 0.48508333 | S5: =V5 | Y5: =AB5 | AE5: =AH5 | AG5: =if(AF5<>"", if(AG5="",NOW(),AG5),"") | AI5: =if(AH5="Done", if(AI5="",NOW(),AI5),"") | AJ5: 0 | AL5: 1 | AM5: Arif Kurniawan | AN5: 46293.396 | AO5: Done | AP5: 46293.425 | AQ5: =IF(AND(AN5<>"",AP5<>""),(AP5-AN5)*1440,"") -> 41.589583 | AR5: =IF( INT(AN5)=INT(AP5), IF( AND(MOD(AN5,1)<TIME(12,0,0), MOD(AP5,1)>TIME(12,0,0)), 60, 0 ), IF( MOD(AP5,1)<=TIME(12,0,0), (INT(AP5)-INT(AN5))*960, (INT(AP5)-INT(AN5))*1020 ) ) -> 0 | AS5: =(AQ5-AR5)/60 -> 0.69315972 | AT5: =AW5 -> Done | AU5: Arif Kurniawan | AV5: =if(AU5<>"", if(AV5="",NOW(),AV5),"") -> 46311.44 | AW5: Done | AX5: =if(AW5="Done", if(AX5="",NOW(),AX5),"") -> 46311.571 | AY5: 0.1 | AZ5: =BC5 | BB5: =if(BA5<>"", if(BB5="",NOW(),BB5),"") | BD5: =if(BC5="Done", if(BD5="",NOW(),BD5),"") | BF5: =BI5 -> Revision | BG5: Egi Dwi Septian | BH5: 46309.557 | BI5: Revision | BJ5: 46309.558 | BK5: 1 | BM5: =BI5 -> Revision | BO5: =if(BN5<>"", if(BO5="",NOW(),BO5),"") | BQ5: =if(BP5="Done", if(BQ5="",NOW(),BQ5),"") | BR5: =IF(AND(BO5<>"",BQ5<>""),(BQ5-BO5)*1440,"") | BS5: =IF( INT(BO5)=INT(BQ5), IF( AND(MOD(BO5,1)<TIME(12,0,0), MOD(BQ5,1)>TIME(12,0,0)), 60, 0 ), IF( MOD(BQ5,1)<=TIME(12,0,0), (INT(BQ5)-INT(BO5))*960, (INT(BQ5)-INT(BO5))*1020 ) ) -> 0 | BT5: =(BR5-BS5)/60 -> 0 | BU5: =BX5 | BW5: =if(BV5<>"", if(BW5="",NOW(),BW5),"") | BY5: =if(BX5="Done", if(BY5="",NOW(),BY5),"") | CA5: =CD5 | CC5: =if(CB5<>"", if(CC5="",NOW(),CC5),"") | CE5: =if(CD5="Done", if(CE5="",NOW(),CE5),"") | CG5: =CJ5 | CI5: =if(CH5<>"", if(CI5="",NOW(),CI5),"") | CK5: =if(CJ5="Done", if(CK5="",NOW(),CK5),"") | CL5: 0
A6: =IF(C6="","",COUNTA($A$3:A6)) -> 4 | C6: GPU-NVIDIA RTX PRO 5000 Blackwell 48 GB GDDR7 ECC | G6: 1 | H6: 1 | I6: Yasin Nur Kholish | K6: =G6 -> 1 | L6: Aditya Warman | M6: 46288.604 | N6: Done | O6: 46288.639 | P6: =IF(AND(M6<>"",O6<>""),(O6-M6)*1440,"") -> 50.76655 | Q6: =IF( INT(M6)=INT(O6), IF( AND(MOD(M6,1)<TIME(12,0,0), MOD(O6,1)>TIME(12,0,0)), 60, 0 ), IF( MOD(O6,1)<=TIME(12,0,0), (INT(O6)-INT(M6))*960, (INT(O6)-INT(M6))*1020 ) ) -> 0 | R6: =(P6-Q6)/60 -> 0.84610917 | S6: =V6 | Y6: =AB6 | AE6: =AH6 | AG6: =if(AF6<>"", if(AG6="",NOW(),AG6),"") | AI6: =if(AH6="Done", if(AI6="",NOW(),AI6),"") | AJ6: 0 | AL6: 1 | AM6: Aditya Warman | AN6: 46293.424 | AO6: Done | AP6: 46293.467 | AQ6: =IF(AND(AN6<>"",AP6<>""),(AP6-AN6)*1440,"") -> 61.388683 | AR6: =IF( INT(AN6)=INT(AP6), IF( AND(MOD(AN6,1)<TIME(12,0,0), MOD(AP6,1)>TIME(12,0,0)), 60, 0 ), IF( MOD(AP6,1)<=TIME(12,0,0), (INT(AP6)-INT(AN6))*960, (INT(AP6)-INT(AN6))*1020 ) ) -> 0 | AS6: =(AQ6-AR6)/60 -> 1.0231447 | AT6: =AW6 | AV6: =if(AU6<>"", if(AV6="",NOW(),AV6),"") | AX6: =if(AW6="Done", if(AX6="",NOW(),AX6),"") | AZ6: =BC6 | BB6: =if(BA6<>"", if(BB6="",NOW(),BB6),"") | BD6: =if(BC6="Done", if(BD6="",NOW(),BD6),"") | BF6: =BI6 -> Done | BG6: Egi Dwi Septian | BH6: 46309.559 | BI6: Done | BJ6: 46309.561 | BK6: 1 | BM6: =BI6 -> Done | BO6: =if(BN6<>"", if(BO6="",NOW(),BO6),"") | BQ6: =if(BP6="Done", if(BQ6="",NOW(),BQ6),"") | BR6: =IF(AND(BO6<>"",BQ6<>""),(BQ6-BO6)*1440,"") | BS6: =IF( INT(BO6)=INT(BQ6), IF( AND(MOD(BO6,1)<TIME(12,0,0), MOD(BQ6,1)>TIME(12,0,0)), 60, 0 ), IF( MOD(BQ6,1)<=TIME(12,0,0), (INT(BQ6)-INT(BO6))*960, (INT(BQ6)-INT(BO6))*1020 ) ) -> 0 | BT6: =(BR6-BS6)/60 -> 0 | BU6: =BX6 | BW6: =if(BV6<>"", if(BW6="",NOW(),BW6),"") | BY6: =if(BX6="Done", if(BY6="",NOW(),BY6),"") | CA6: =CD6 | CC6: =if(CB6<>"", if(CC6="",NOW(),CC6),"") | CE6: =if(CD6="Done", if(CE6="",NOW(),CE6),"") | CG6: =CJ6 | CI6: =if(CH6<>"", if(CI6="",NOW(),CI6),"") | CK6: =if(CJ6="Done", if(CK6="",NOW(),CK6),"") | CL6: 0
A7: =IF(C7="","",COUNTA($A$3:A7)) -> 5 | C7: SSD OS-2 TB NVMe PCIe 5.0 | G7: 1 | H7: 1 | I7: Yasin Nur Kholish | K7: =G7 -> 1 | L7: Aditya Warman | M7: 46288.668 | N7: Done | O7: 46288.702 | P7: =IF(AND(M7<>"",O7<>""),(O7-M7)*1440,"") -> 48.144317 | Q7: =IF( INT(M7)=INT(O7), IF( AND(MOD(M7,1)<TIME(12,0,0), MOD(O7,1)>TIME(12,0,0)), 60, 0 ), IF( MOD(O7,1)<=TIME(12,0,0), (INT(O7)-INT(M7))*960, (INT(O7)-INT(M7))*1020 ) ) -> 0 | R7: =(P7-Q7)/60 -> 0.80240528 | S7: =V7 | Y7: =AB7 | AE7: =AH7 | AG7: =if(AF7<>"", if(AG7="",NOW(),AG7),"") | AI7: =if(AH7="Done", if(AI7="",NOW(),AI7),"") | AJ7: 0 | AL7: 1 | AM7: Aditya Warman | AN7: 46293.478 | AO7: Done | AP7: 46293.562 | AQ7: =IF(AND(AN7<>"",AP7<>""),(AP7-AN7)*1440,"") -> 121.85552 | AR7: =IF( INT(AN7)=INT(AP7), IF( AND(MOD(AN7,1)<TIME(12,0,0), MOD(AP7,1)>TIME(12,0,0)), 60, 0 ), IF( MOD(AP7,1)<=TIME(12,0,0), (INT(AP7)-INT(AN7))*960, (INT(AP7)-INT(AN7))*1020 ) ) -> 60 | AS7: =(AQ7-AR7)/60 -> 1.0309253 | AT7: =AW7 | AV7: =if(AU7<>"", if(AV7="",NOW(),AV7),"") | AX7: =if(AW7="Done", if(AX7="",NOW(),AX7),"") | AZ7: =BC7 | BB7: =if(BA7<>"", if(BB7="",NOW(),BB7),"") | BD7: =if(BC7="Done", if(BD7="",NOW(),BD7),"") | BF7: =BI7 | BH7: =if(BG7<>"", if(BH7="",NOW(),BH7),"") | BJ7: =if(BI7="Done", if(BJ7="",NOW(),BJ7),"") | BK7: 0 | BM7: =BI7 | BO7: =if(BN7<>"", if(BO7="",NOW(),BO7),"") | BQ7: =if(BP7="Done", if(BQ7="",NOW(),BQ7),"") | BR7: =IF(AND(BO7<>"",BQ7<>""),(BQ7-BO7)*1440,"") | BS7: =IF( INT(BO7)=INT(BQ7), IF( AND(MOD(BO7,1)<TIME(12,0,0), MOD(BQ7,1)>TIME(12,0,0)), 60, 0 ), IF( MOD(BQ7,1)<=TIME(12,0,0), (INT(BQ7)-INT(BO7))*960, (INT(BQ7)-INT(BO7))*1020 ) ) -> 0 | BT7: =(BR7-BS7)/60 -> 0 | BU7: =BX7 | BW7: =if(BV7<>"", if(BW7="",NOW(),BW7),"") | BY7: =if(BX7="Done", if(BY7="",NOW(),BY7),"") | CA7: =CD7 | CC7: =if(CB7<>"", if(CC7="",NOW(),CC7),"") | CE7: =if(CD7="Done", if(CE7="",NOW(),CE7),"") | CG7: =CJ7 | CI7: =if(CH7<>"", if(CI7="",NOW(),CI7),"") | CK7: =if(CJ7="Done", if(CK7="",NOW(),CK7),"") | CL7: 0
A8: =IF(C8="","",COUNTA($A$3:A8)) -> 6 | C8: Storage Data-8 TB enterprise HDD | G8: 1 | H8: 1 | I8: Yasin Nur Kholish | K8: =G8 -> 1 | L8: Kurnia Sandi | M8: 46289.446 | N8: Done | O8: 46289.483 | P8: =IF(AND(M8<>"",O8<>""),(O8-M8)*1440,"") -> 54.154433 | Q8: =IF( INT(M8)=INT(O8), IF( AND(MOD(M8,1)<TIME(12,0,0), MOD(O8,1)>TIME(12,0,0)), 60, 0 ), IF( MOD(O8,1)<=TIME(12,0,0), (INT(O8)-INT(M8))*960, (INT(O8)-INT(M8))*1020 ) ) -> 0 | R8: =(P8-Q8)/60 -> 0.90257389 | S8: =V8 | Y8: =AB8 | AE8: =AH8 | AG8: =if(AF8<>"", if(AG8="",NOW(),AG8),"") | AI8: =if(AH8="Done", if(AI8="",NOW(),AI8),"") | AJ8: 0 | AL8: 1 | AM8: Kurnia Sandi | AN8: 46290.62 | AO8: Done | AP8: 46290.678 | AQ8: =IF(AND(AN8<>"",AP8<>""),(AP8-AN8)*1440,"") -> 82.826533 | AR8: =IF( INT(AN8)=INT(AP8), IF( AND(MOD(AN8,1)<TIME(12,0,0), MOD(AP8,1)>TIME(12,0,0)), 60, 0 ), IF( MOD(AP8,1)<=TIME(12,0,0), (INT(AP8)-INT(AN8))*960, (INT(AP8)-INT(AN8))*1020 ) ) -> 0 | AS8: =(AQ8-AR8)/60 -> 1.3804422 | AT8: =AW8 | AV8: =if(AU8<>"", if(AV8="",NOW(),AV8),"") | AX8: =if(AW8="Done", if(AX8="",NOW(),AX8),"") | AZ8: =BC8 | BB8: =if(BA8<>"", if(BB8="",NOW(),BB8),"") | BD8: =if(BC8="Done", if(BD8="",NOW(),BD8),"") | BF8: =BI8 | BH8: =if(BG8<>"", if(BH8="",NOW(),BH8),"") | BJ8: =if(BI8="Done", if(BJ8="",NOW(),BJ8),"") | BK8: 0 | BM8: =BI8 | BO8: =if(BN8<>"", if(BO8="",NOW(),BO8),"") | BQ8: =if(BP8="Done", if(BQ8="",NOW(),BQ8),"") | BR8: =IF(AND(BO8<>"",BQ8<>""),(BQ8-BO8)*1440,"") | BS8: =IF( INT(BO8)=INT(BQ8), IF( AND(MOD(BO8,1)<TIME(12,0,0), MOD(BQ8,1)>TIME(12,0,0)), 60, 0 ), IF( MOD(BQ8,1)<=TIME(12,0,0), (INT(BQ8)-INT(BO8))*960, (INT(BQ8)-INT(BO8))*1020 ) ) -> 0 | BT8: =(BR8-BS8)/60 -> 0 | BU8: =BX8 | BW8: =if(BV8<>"", if(BW8="",NOW(),BW8),"") | BY8: =if(BX8="Done", if(BY8="",NOW(),BY8),"") | CA8: =CD8 | CC8: =if(CB8<>"", if(CC8="",NOW(),CC8),"") | CE8: =if(CD8="Done", if(CE8="",NOW(),CE8),"") | CG8: =CJ8 | CI8: =if(CH8<>"", if(CI8="",NOW(),CI8),"") | CK8: =if(CJ8="Done", if(CK8="",NOW(),CK8),"") | CL8: 0
A9: =IF(C9="","",COUNTA($A$3:A9)) -> 7 | C9: Network Card 1-Onboard 10 GbE | G9: 1 | H9: 1 | I9: Yasin Nur Kholish | K9: =G9 -> 1 | L9: Kurnia Sandi | M9: 46288.668 | N9: Done | O9: 46288.707 | P9: =IF(AND(M9<>"",O9<>""),(O9-M9)*1440,"") -> 55.76715 | Q9: =IF( INT(M9)=INT(O9), IF( AND(MOD(M9,1)<TIME(12,0,0), MOD(O9,1)>TIME(12,0,0)), 60, 0 ), IF( MOD(O9,1)<=TIME(12,0,0), (INT(O9)-INT(M9))*960, (INT(O9)-INT(M9))*1020 ) ) -> 0 | R9: =(P9-Q9)/60 -> 0.9294525 | S9: =V9 | Y9: =AB9 | AE9: =AH9 | AG9: =if(AF9<>"", if(AG9="",NOW(),AG9),"") | AI9: =if(AH9="Done", if(AI9="",NOW(),AI9),"") | AJ9: 0 | AL9: 1 | AM9: Kurnia Sandi | AN9: 46293.398 | AO9: Done | AP9: 46293.441 | AQ9: =IF(AND(AN9<>"",AP9<>""),(AP9-AN9)*1440,"") -> 61.932333 | AR9: =IF( INT(AN9)=INT(AP9), IF( AND(MOD(AN9,1)<TIME(12,0,0), MOD(AP9,1)>TIME(12,0,0)), 60, 0 ), IF( MOD(AP9,1)<=TIME(12,0,0), (INT(AP9)-INT(AN9))*960, (INT(AP9)-INT(AN9))*1020 ) ) -> 0 | AS9: =(AQ9-AR9)/60 -> 1.0322056 | AT9: =AW9 | AV9: =if(AU9<>"", if(AV9="",NOW(),AV9),"") | AX9: =if(AW9="Done", if(AX9="",NOW(),AX9),"") | AZ9: =BC9 | BB9: =if(BA9<>"", if(BB9="",NOW(),BB9),"") | BD9: =if(BC9="Done", if(BD9="",NOW(),BD9),"") | BF9: =BI9 | BH9: =if(BG9<>"", if(BH9="",NOW(),BH9),"") | BJ9: =if(BI9="Done", if(BJ9="",NOW(),BJ9),"") | BK9: 0 | BM9: =BI9 | BO9: =if(BN9<>"", if(BO9="",NOW(),BO9),"") | BQ9: =if(BP9="Done", if(BQ9="",NOW(),BQ9),"") | BR9: =IF(AND(BO9<>"",BQ9<>""),(BQ9-BO9)*1440,"") | BS9: =IF( INT(BO9)=INT(BQ9), IF( AND(MOD(BO9,1)<TIME(12,0,0), MOD(BQ9,1)>TIME(12,0,0)), 60, 0 ), IF( MOD(BQ9,1)<=TIME(12,0,0), (INT(BQ9)-INT(BO9))*960, (INT(BQ9)-INT(BO9))*1020 ) ) -> 0 | BT9: =(BR9-BS9)/60 -> 0 | BU9: =BX9 | BW9: =if(BV9<>"", if(BW9="",NOW(),BW9),"") | BY9: =if(BX9="Done", if(BY9="",NOW(),BY9),"") | CA9: =CD9 | CC9: =if(CB9<>"", if(CC9="",NOW(),CC9),"") | CE9: =if(CD9="Done", if(CE9="",NOW(),CE9),"") | CG9: =CJ9 | CI9: =if(CH9<>"", if(CI9="",NOW(),CI9),"") | CK9: =if(CJ9="Done", if(CK9="",NOW(),CK9),"") | CL9: 0
A10: =IF(C10="","",COUNTA($A$3:A10)) -> 8 | B10: =IF(D10="","",COUNTA($A$3:B10)) | C10: Network Card 2-Dual/Quad-port 10 GbE Ethernet NIC | G10: 1 | H10: 1 | I10: Yasin Nur Kholish | K10: =G10 -> 1 | L10: Kurnia Sandi | M10: 46289.392 | N10: Done | O10: 46289.429 | P10: =IF(AND(M10<>"",O10<>""),(O10-M10)*1440,"") -> 52.4031 | Q10: =IF( INT(M10)=INT(O10), IF( AND(MOD(M10,1)<TIME(12,0,0), MOD(O10,1)>TIME(12,0,0)), 60, 0 ), IF( MOD(O10,1)<=TIME(12,0,0), (INT(O10)-INT(M10))*960, (INT(O10)-INT(M10))*1020 ) ) -> 0 | R10: =(P10-Q10)/60 -> 0.873385 | S10: =V10 | Y10: =AB10 | AE10: =AH10 | AG10: =if(AF10<>"", if(AG10="",NOW(),AG10),"") | AI10: =if(AH10="Done", if(AI10="",NOW(),AI10),"") | AJ10: 0 | AL10: 1 | AM10: Kurnia Sandi | AN10: 46293.459 | AO10: Done | AP10: 46293.496 | AQ10: =IF(AND(AN10<>"",AP10<>""),(AP10-AN10)*1440,"") -> 53.7737 | AR10: =IF( INT(AN10)=INT(AP10), IF( AND(MOD(AN10,1)<TIME(12,0,0), MOD(AP10,1)>TIME(12,0,0)), 60, 0 ), IF( MOD(AP10,1)<=TIME(12,0,0), (INT(AP10)-INT(AN10))*960, (INT(AP10)-INT(AN10))*1020 ) ) -> 0 | AS10: =(AQ10-AR10)/60 -> 0.89622833 | AT10: =AW10 | AV10: =if(AU10<>"", if(AV10="",NOW(),AV10),"") | AX10: =if(AW10="Done", if(AX10="",NOW(),AX10),"") | AZ10: =BC10 | BB10: =if(BA10<>"", if(BB10="",NOW(),BB10),"") | BD10: =if(BC10="Done", if(BD10="",NOW(),BD10),"") | BF10: =BI10 | BH10: =if(BG10<>"", if(BH10="",NOW(),BH10),"") | BJ10: =if(BI10="Done", if(BJ10="",NOW(),BJ10),"") | BK10: 0 | BM10: =BI10 | BO10: =if(BN10<>"", if(BO10="",NOW(),BO10),"") | BQ10: =if(BP10="Done", if(BQ10="",NOW(),BQ10),"") | BR10: =IF(AND(BO10<>"",BQ10<>""),(BQ10-BO10)*1440,"") | BS10: =IF( INT(BO10)=INT(BQ10), IF( AND(MOD(BO10,1)<TIME(12,0,0), MOD(BQ10,1)>TIME(12,0,0)), 60, 0 ), IF( MOD(BQ10,1)<=TIME(12,0,0), (INT(BQ10)-INT(BO10))*960, (INT(BQ10)-INT(BO10))*1020 ) ) -> 0 | BT10: =(BR10-BS10)/60 -> 0 | BU10: =BX10 | BW10: =if(BV10<>"", if(BW10="",NOW(),BW10),"") | BY10: =if(BX10="Done", if(BY10="",NOW(),BY10),"") | CA10: =CD10 | CC10: =if(CB10<>"", if(CC10="",NOW(),CC10),"") | CE10: =if(CD10="Done", if(CE10="",NOW(),CE10),"") | CG10: =CJ10 | CI10: =if(CH10<>"", if(CI10="",NOW(),CI10),"") | CK10: =if(CJ10="Done", if(CK10="",NOW(),CK10),"") | CL10: 0
A11: =IF(C11="","",COUNTA($A$3:A11)) -> 9 | C11: Network Card 3-25 GbE SFP28 NIC | G11: 1 | H11: 1 | I11: Yasin Nur Kholish | K11: =G11 -> 1 | L11: Kurnia Sandi | M11: 46289.571 | N11: Done | O11: 46289.61 | P11: =IF(AND(M11<>"",O11<>""),(O11-M11)*1440,"") -> 55.972183 | Q11: =IF( INT(M11)=INT(O11), IF( AND(MOD(M11,1)<TIME(12,0,0), MOD(O11,1)>TIME(12,0,0)), 60, 0 ), IF( MOD(O11,1)<=TIME(12,0,0), (INT(O11)-INT(M11))*960, (INT(O11)-INT(M11))*1020 ) ) -> 0 | R11: =(P11-Q11)/60 -> 0.93286972 | S11: =V11 | Y11: =AB11 | AE11: =AH11 | AG11: =if(AF11<>"", if(AG11="",NOW(),AG11),"") | AI11: =if(AH11="Done", if(AI11="",NOW(),AI11),"") | AJ11: 0 | AL11: 1 | AM11: Kurnia Sandi | AN11: 46293.56 | AO11: Done | AP11: 46293.617 | AQ11: =IF(AND(AN11<>"",AP11<>""),(AP11-AN11)*1440,"") -> 82.555733 | AR11: =IF( INT(AN11)=INT(AP11), IF( AND(MOD(AN11,1)<TIME(12,0,0), MOD(AP11,1)>TIME(12,0,0)), 60, 0 ), IF( MOD(AP11,1)<=TIME(12,0,0), (INT(AP11)-INT(AN11))*960, (INT(AP11)-INT(AN11))*1020 ) ) -> 0 | AS11: =(AQ11-AR11)/60 -> 1.3759289 | AT11: =AW11 | AV11: =if(AU11<>"", if(AV11="",NOW(),AV11),"") | AX11: =if(AW11="Done", if(AX11="",NOW(),AX11),"") | AZ11: =BC11 | BB11: =if(BA11<>"", if(BB11="",NOW(),BB11),"") | BD11: =if(BC11="Done", if(BD11="",NOW(),BD11),"") | BF11: =BI11 | BH11: =if(BG11<>"", if(BH11="",NOW(),BH11),"") | BJ11: =if(BI11="Done", if(BJ11="",NOW(),BJ11),"") | BK11: 0 | BM11: =BI11 | BO11: =if(BN11<>"", if(BO11="",NOW(),BO11),"") | BQ11: =if(BP11="Done", if(BQ11="",NOW(),BQ11),"") | BR11: =IF(AND(BO11<>"",BQ11<>""),(BQ11-BO11)*1440,"") | BS11: =IF( INT(BO11)=INT(BQ11), IF( AND(MOD(BO11,1)<TIME(12,0,0), MOD(BQ11,1)>TIME(12,0,0)), 60, 0 ), IF( MOD(BQ11,1)<=TIME(12,0,0), (INT(BQ11)-INT(BO11))*960, (INT(BQ11)-INT(BO11))*1020 ) ) -> 0 | BT11: =(BR11-BS11)/60 -> 0 | BU11: =BX11 | BW11: =if(BV11<>"", if(BW11="",NOW(),BW11),"") | BY11: =if(BX11="Done", if(BY11="",NOW(),BY11),"") | CA11: =CD11 | CC11: =if(CB11<>"", if(CC11="",NOW(),CC11),"") | CE11: =if(CD11="Done", if(CE11="",NOW(),CE11),"") | CG11: =CJ11 | CI11: =if(CH11<>"", if(CI11="",NOW(),CI11),"") | CK11: =if(CJ11="Done", if(CK11="",NOW(),CK11),"") | CL11: 0
A12: =IF(C12="","",COUNTA($A$3:A12)) -> 10 | C12: Wi-Fi 7 enterprise-class adapter | G12: 1 | H12: 1 | I12: Yasin Nur Kholish | K12: =G12 -> 1 | L12: Arif Kurniawan | M12: 46289.682 | N12: Done | O12: 46289.707 | P12: =IF(AND(M12<>"",O12<>""),(O12-M12)*1440,"") -> 36.596017 | Q12: =IF( INT(M12)=INT(O12), IF( AND(MOD(M12,1)<TIME(12,0,0), MOD(O12,1)>TIME(12,0,0)), 60, 0 ), IF( MOD(O12,1)<=TIME(12,0,0), (INT(O12)-INT(M12))*960, (INT(O12)-INT(M12))*1020 ) ) -> 0 | R12: =(P12-Q12)/60 -> 0.60993361 | S12: =V12 | Y12: =AB12 | AE12: =AH12 | AG12: =if(AF12<>"", if(AG12="",NOW(),AG12),"") | AI12: =if(AH12="Done", if(AI12="",NOW(),AI12),"") | AJ12: 0 | AL12: 1 | AM12: Arif Kurniawan | AN12: 46293.439 | AO12: Done | AP12: 46293.478 | AQ12: =IF(AND(AN12<>"",AP12<>""),(AP12-AN12)*1440,"") -> 56.48145 | AR12: =IF( INT(AN12)=INT(AP12), IF( AND(MOD(AN12,1)<TIME(12,0,0), MOD(AP12,1)>TIME(12,0,0)), 60, 0 ), IF( MOD(AP12,1)<=TIME(12,0,0), (INT(AP12)-INT(AN12))*960, (INT(AP12)-INT(AN12))*1020 ) ) -> 0 | AS12: =(AQ12-AR12)/60 -> 0.9413575 | AT12: =AW12 | AV12: =if(AU12<>"", if(AV12="",NOW(),AV12),"") | AX12: =if(AW12="Done", if(AX12="",NOW(),AX12),"") | AZ12: =BC12 | BB12: =if(BA12<>"", if(BB12="",NOW(),BB12),"") | BD12: =if(BC12="Done", if(BD12="",NOW(),BD12),"") | BF12: =BI12 | BH12: =if(BG12<>"", if(BH12="",NOW(),BH12),"") | BJ12: =if(BI12="Done", if(BJ12="",NOW(),BJ12),"") | BK12: 0 | BM12: =BI12 | BO12: =if(BN12<>"", if(BO12="",NOW(),BO12),"") | BQ12: =if(BP12="Done", if(BQ12="",NOW(),BQ12),"") | BR12: =IF(AND(BO12<>"",BQ12<>""),(BQ12-BO12)*1440,"") | BS12: =IF( INT(BO12)=INT(BQ12), IF( AND(MOD(BO12,1)<TIME(12,0,0), MOD(BQ12,1)>TIME(12,0,0)), 60, 0 ), IF( MOD(BQ12,1)<=TIME(12,0,0), (INT(BQ12)-INT(BO12))*960, (INT(BQ12)-INT(BO12))*1020 ) ) -> 0 | BT12: =(BR12-BS12)/60 -> 0 | BU12: =BX12 | BW12: =if(BV12<>"", if(BW12="",NOW(),BW12),"") | BY12: =if(BX12="Done", if(BY12="",NOW(),BY12),"") | CA12: =CD12 | CC12: =if(CB12<>"", if(CC12="",NOW(),CC12),"") | CE12: =if(CD12="Done", if(CE12="",NOW(),CE12),"") | CG12: =CJ12 | CI12: =if(CH12<>"", if(CI12="",NOW(),CI12),"") | CK12: =if(CJ12="Done", if(CK12="",NOW(),CK12),"") | CL12: 0
A13: =IF(C13="","",COUNTA($A$3:A13)) -> 11 | C13: PSU-1600–2000 W, 80+ Platinum/Titanium | G13: 2 | H13: 2 | I13: Yasin Nur Kholish | K13: =G13 -> 2 | L13: Aditya Warman | M13: 46290.395 | N13: Done | O13: 46290.451 | P13: =IF(AND(M13<>"",O13<>""),(O13-M13)*1440,"") -> 80.539033 | Q13: =IF( INT(M13)=INT(O13), IF( AND(MOD(M13,1)<TIME(12,0,0), MOD(O13,1)>TIME(12,0,0)), 60, 0 ), IF( MOD(O13,1)<=TIME(12,0,0), (INT(O13)-INT(M13))*960, (INT(O13)-INT(M13))*1020 ) ) -> 0 | R13: =(P13-Q13)/60 -> 1.3423172 | S13: =V13 | Y13: =AB13 | AE13: =AH13 | AG13: =if(AF13<>"", if(AG13="",NOW(),AG13),"") | AI13: =if(AH13="Done", if(AI13="",NOW(),AI13),"") | AJ13: 0 | AL13: 2 | AM13: Aditya Warman | AN13: 46290.604 | AO13: Done | AP13: 46290.684 | AQ13: =IF(AND(AN13<>"",AP13<>""),(AP13-AN13)*1440,"") -> 115.25227 | AR13: =IF( INT(AN13)=INT(AP13), IF( AND(MOD(AN13,1)<TIME(12,0,0), MOD(AP13,1)>TIME(12,0,0)), 60, 0 ), IF( MOD(AP13,1)<=TIME(12,0,0), (INT(AP13)-INT(AN13))*960, (INT(AP13)-INT(AN13))*1020 ) ) -> 0 | AS13: =(AQ13-AR13)/60 -> 1.9208711 | AT13: =AW13 | AV13: =if(AU13<>"", if(AV13="",NOW(),AV13),"") | AX13: =if(AW13="Done", if(AX13="",NOW(),AX13),"") | AZ13: =BC13 | BB13: =if(BA13<>"", if(BB13="",NOW(),BB13),"") | BD13: =if(BC13="Done", if(BD13="",NOW(),BD13),"") | BF13: =BI13 | BH13: =if(BG13<>"", if(BH13="",NOW(),BH13),"") | BJ13: =if(BI13="Done", if(BJ13="",NOW(),BJ13),"") | BK13: 0 | BM13: =BI13 | BO13: =if(BN13<>"", if(BO13="",NOW(),BO13),"") | BQ13: =if(BP13="Done", if(BQ13="",NOW(),BQ13),"") | BR13: =IF(AND(BO13<>"",BQ13<>""),(BQ13-BO13)*1440,"") | BS13: =IF( INT(BO13)=INT(BQ13), IF( AND(MOD(BO13,1)<TIME(12,0,0), MOD(BQ13,1)>TIME(12,0,0)), 60, 0 ), IF( MOD(BQ13,1)<=TIME(12,0,0), (INT(BQ13)-INT(BO13))*960, (INT(BQ13)-INT(BO13))*1020 ) ) -> 0 | BT13: =(BR13-BS13)/60 -> 0 | BU13: =BX13 | BW13: =if(BV13<>"", if(BW13="",NOW(),BW13),"") | BY13: =if(BX13="Done", if(BY13="",NOW(),BY13),"") | CA13: =CD13 | CC13: =if(CB13<>"", if(CC13="",NOW(),CC13),"") | CE13: =if(CD13="Done", if(CE13="",NOW(),CE13),"") | CG13: =CJ13 | CI13: =if(CH13<>"", if(CI13="",NOW(),CI13),"") | CK13: =if(CJ13="Done", if(CK13="",NOW(),CK13),"") | CL13: 0
A14: =IF(C14="","",COUNTA($A$3:A14)) -> 12 | C14: CPU Cooling-sTR5 | G14: 3 | H14: 3 | I14: Yasin Nur Kholish | K14: =G14 -> 3 | L14: Kurnia Sandi | M14: 46290.412 | N14: Done | O14: 46290.607 | P14: =IF(AND(M14<>"",O14<>""),(O14-M14)*1440,"") -> 280.60407 | Q14: =IF( INT(M14)=INT(O14), IF( AND(MOD(M14,1)<TIME(12,0,0), MOD(O14,1)>TIME(12,0,0)), 60, 0 ), IF( MOD(O14,1)<=TIME(12,0,0), (INT(O14)-INT(M14))*960, (INT(O14)-INT(M14))*1020 ) ) -> 60 | R14: =(P14-Q14)/60 -> 3.6767344 | S14: =V14 | Y14: =AB14 | AE14: =AH14 | AG14: =if(AF14<>"", if(AG14="",NOW(),AG14),"") | AI14: =if(AH14="Done", if(AI14="",NOW(),AI14),"") | AJ14: 0 | AL14: 3 | AM14: Kurnia Sandi | AN14: 46293.645 | AO14: Done | AP14: 46294.412 | AQ14: =IF(AND(AN14<>"",AP14<>""),(AP14-AN14)*1440,"") -> 1104.5996 | AR14: =IF( INT(AN14)=INT(AP14), IF( AND(MOD(AN14,1)<TIME(12,0,0), MOD(AP14,1)>TIME(12,0,0)), 60, 0 ), IF( MOD(AP14,1)<=TIME(12,0,0), (INT(AP14)-INT(AN14))*960, (INT(AP14)-INT(AN14))*1020 ) ) -> 960 | AS14: =(AQ14-AR14)/60 -> 2.4099939 | AT14: =AW14 | AV14: =if(AU14<>"", if(AV14="",NOW(),AV14),"") | AX14: =if(AW14="Done", if(AX14="",NOW(),AX14),"") | AZ14: =BC14 | BB14: =if(BA14<>"", if(BB14="",NOW(),BB14),"") | BD14: =if(BC14="Done", if(BD14="",NOW(),BD14),"") | BF14: =BI14 | BH14: =if(BG14<>"", if(BH14="",NOW(),BH14),"") | BJ14: =if(BI14="Done", if(BJ14="",NOW(),BJ14),"") | BK14: 0 | BM14: =BI14 | BO14: =if(BN14<>"", if(BO14="",NOW(),BO14),"") | BQ14: =if(BP14="Done", if(BQ14="",NOW(),BQ14),"") | BR14: =IF(AND(BO14<>"",BQ14<>""),(BQ14-BO14)*1440,"") | BS14: =IF( INT(BO14)=INT(BQ14), IF( AND(MOD(BO14,1)<TIME(12,0,0), MOD(BQ14,1)>TIME(12,0,0)), 60, 0 ), IF( MOD(BQ14,1)<=TIME(12,0,0), (INT(BQ14)-INT(BO14))*960, (INT(BQ14)-INT(BO14))*1020 ) ) -> 0 | BT14: =(BR14-BS14)/60 -> 0 | BU14: =BX14 | BW14: =if(BV14<>"", if(BW14="",NOW(),BW14),"") | BY14: =if(BX14="Done", if(BY14="",NOW(),BY14),"") | CA14: =CD14 | CC14: =if(CB14<>"", if(CC14="",NOW(),CC14),"") | CE14: =if(CD14="Done", if(CE14="",NOW(),CE14),"") | CG14: =CJ14 | CI14: =if(CH14<>"", if(CI14="",NOW(),CI14),"") | CK14: =if(CJ14="Done", if(CK14="",NOW(),CK14),"") | CL14: 0
A15: =IF(C15="","",COUNTA($A$3:A15)) -> 13 | C15: Case-Full Tower Workstation | G15: 4 | H15: 4 | I15: Yasin Nur Kholish | K15: =G15 -> 4 | L15: Adam Al Hafizh Djabumona | M15: 46290.552 | N15: Done | O15: 46294.464 | P15: =IF(AND(M15<>"",O15<>""),(O15-M15)*1440,"") -> 5632.9956 | Q15: =IF( INT(M15)=INT(O15), IF( AND(MOD(M15,1)<TIME(12,0,0), MOD(O15,1)>TIME(12,0,0)), 60, 0 ), IF( MOD(O15,1)<=TIME(12,0,0), (INT(O15)-INT(M15))*960, (INT(O15)-INT(M15))*1020 ) ) -> 3840 | R15: =(P15-Q15)/60 -> 29.88326 | S15: =V15 | Y15: =AB15 | AE15: =AH15 | AG15: =if(AF15<>"", if(AG15="",NOW(),AG15),"") | AI15: =if(AH15="Done", if(AI15="",NOW(),AI15),"") | AJ15: 0 | AL15: 4 | AM15: Adam Al Hafizh Djabumona | AN15: 46294.484 | AO15: Done | AP15: 46294.684 | AQ15: =IF(AND(AN15<>"",AP15<>""),(AP15-AN15)*1440,"") -> 288.74315 | AR15: =IF( INT(AN15)=INT(AP15), IF( AND(MOD(AN15,1)<TIME(12,0,0), MOD(AP15,1)>TIME(12,0,0)), 60, 0 ), IF( MOD(AP15,1)<=TIME(12,0,0), (INT(AP15)-INT(AN15))*960, (INT(AP15)-INT(AN15))*1020 ) ) -> 60 | AS15: =(AQ15-AR15)/60 -> 3.8123858 | AT15: =AW15 | AV15: =if(AU15<>"", if(AV15="",NOW(),AV15),"") | AX15: =if(AW15="Done", if(AX15="",NOW(),AX15),"") | AZ15: =BC15 | BB15: =if(BA15<>"", if(BB15="",NOW(),BB15),"") | BD15: =if(BC15="Done", if(BD15="",NOW(),BD15),"") | BF15: =BI15 | BH15: =if(BG15<>"", if(BH15="",NOW(),BH15),"") | BJ15: =if(BI15="Done", if(BJ15="",NOW(),BJ15),"") | BK15: 0 | BM15: =BI15 | BO15: =if(BN15<>"", if(BO15="",NOW(),BO15),"") | BQ15: =if(BP15="Done", if(BQ15="",NOW(),BQ15),"") | BR15: =IF(AND(BO15<>"",BQ15<>""),(BQ15-BO15)*1440,"") | BS15: =IF( INT(BO15)=INT(BQ15), IF( AND(MOD(BO15,1)<TIME(12,0,0), MOD(BQ15,1)>TIME(12,0,0)), 60, 0 ), IF( MOD(BQ15,1)<=TIME(12,0,0), (INT(BQ15)-INT(BO15))*960, (INT(BQ15)-INT(BO15))*1020 ) ) -> 0 | BT15: =(BR15-BS15)/60 -> 0 | BU15: =BX15 | BW15: =if(BV15<>"", if(BW15="",NOW(),BW15),"") | BY15: =if(BX15="Done", if(BY15="",NOW(),BY15),"") | CA15: =CD15 | CC15: =if(CB15<>"", if(CC15="",NOW(),CC15),"") | CE15: =if(CD15="Done", if(CE15="",NOW(),CE15),"") | CG15: =CJ15 | CI15: =if(CH15<>"", if(CI15="",NOW(),CI15),"") | CK15: =if(CJ15="Done", if(CK15="",NOW(),CK15),"") | CL15: 0
A16: =IF(C16="","",COUNTA($A$3:A16)) -> 14 | C16: UPS-2200–3000 VA Pure Sine Wave | G16: 2 | H16: 2 | I16: Yasin Nur Kholish | K16: =G16 -> 2 | L16: Arif Kurniawan | M16: 46290.408 | N16: Done | O16: 46290.455 | P16: =IF(AND(M16<>"",O16<>""),(O16-M16)*1440,"") -> 66.58165 | Q16: =IF( INT(M16)=INT(O16), IF( AND(MOD(M16,1)<TIME(12,0,0), MOD(O16,1)>TIME(12,0,0)), 60, 0 ), IF( MOD(O16,1)<=TIME(12,0,0), (INT(O16)-INT(M16))*960, (INT(O16)-INT(M16))*1020 ) ) -> 0 | R16: =(P16-Q16)/60 -> 1.1096942 | S16: =V16 | Y16: =AB16 | AE16: =AH16 | AG16: =if(AF16<>"", if(AG16="",NOW(),AG16),"") | AI16: =if(AH16="Done", if(AI16="",NOW(),AI16),"") | AJ16: 0 | AL16: 2 | AM16: Arif Kurniawan | AN16: 46293.488 | AO16: Done | AP16: 46293.596 | AQ16: =IF(AND(AN16<>"",AP16<>""),(AP16-AN16)*1440,"") -> 155.10235 | AR16: =IF( INT(AN16)=INT(AP16), IF( AND(MOD(AN16,1)<TIME(12,0,0), MOD(AP16,1)>TIME(12,0,0)), 60, 0 ), IF( MOD(AP16,1)<=TIME(12,0,0), (INT(AP16)-INT(AN16))*960, (INT(AP16)-INT(AN16))*1020 ) ) -> 60 | AS16: =(AQ16-AR16)/60 -> 1.5850392 | AT16: =AW16 | AV16: =if(AU16<>"", if(AV16="",NOW(),AV16),"") | AX16: =if(AW16="Done", if(AX16="",NOW(),AX16),"") | AZ16: =BC16 | BB16: =if(BA16<>"", if(BB16="",NOW(),BB16),"") | BD16: =if(BC16="Done", if(BD16="",NOW(),BD16),"") | BF16: =BI16 | BH16: =if(BG16<>"", if(BH16="",NOW(),BH16),"") | BJ16: =if(BI16="Done", if(BJ16="",NOW(),BJ16),"") | BK16: 0 | BM16: =BI16 | BO16: =if(BN16<>"", if(BO16="",NOW(),BO16),"") | BQ16: =if(BP16="Done", if(BQ16="",NOW(),BQ16),"") | BR16: =IF(AND(BO16<>"",BQ16<>""),(BQ16-BO16)*1440,"") | BS16: =IF( INT(BO16)=INT(BQ16), IF( AND(MOD(BO16,1)<TIME(12,0,0), MOD(BQ16,1)>TIME(12,0,0)), 60, 0 ), IF( MOD(BQ16,1)<=TIME(12,0,0), (INT(BQ16)-INT(BO16))*960, (INT(BQ16)-INT(BO16))*1020 ) ) -> 0 | BT16: =(BR16-BS16)/60 -> 0 | BU16: =BX16 | BW16: =if(BV16<>"", if(BW16="",NOW(),BW16),"") | BY16: =if(BX16="Done", if(BY16="",NOW(),BY16),"") | CA16: =CD16 | CC16: =if(CB16<>"", if(CC16="",NOW(),CC16),"") | CE16: =if(CD16="Done", if(CE16="",NOW(),CE16),"") | CG16: =CJ16 | CI16: =if(CH16<>"", if(CI16="",NOW(),CI16),"") | CK16: =if(CJ16="Done", if(CK16="",NOW(),CK16),"") | CL16: 0
A17: =IF(C17="","",COUNTA($A$3:A17)) -> 15 | C17: Monitor 2 × 32" 4K IPS | G17: 1 | H17: 1 | I17: Yasin Nur Kholish | K17: =G17 -> 1 | L17: Aditya Warman | M17: 46289.67 | N17: Done | O17: 46289.706 | P17: =IF(AND(M17<>"",O17<>""),(O17-M17)*1440,"") -> 50.72365 | Q17: =IF( INT(M17)=INT(O17), IF( AND(MOD(M17,1)<TIME(12,0,0), MOD(O17,1)>TIME(12,0,0)), 60, 0 ), IF( MOD(O17,1)<=TIME(12,0,0), (INT(O17)-INT(M17))*960, (INT(O17)-INT(M17))*1020 ) ) -> 0 | R17: =(P17-Q17)/60 -> 0.84539417 | S17: =V17 | Y17: =AB17 | AE17: =AH17 | AG17: =if(AF17<>"", if(AG17="",NOW(),AG17),"") | AI17: =if(AH17="Done", if(AI17="",NOW(),AI17),"") | AJ17: 0 | AL17: 1 | AM17: Kurnia Sandi | AN17: 46294.419 | AO17: Done | AP17: 46294.458 | AQ17: =IF(AND(AN17<>"",AP17<>""),(AP17-AN17)*1440,"") -> 56.437533 | AR17: =IF( INT(AN17)=INT(AP17), IF( AND(MOD(AN17,1)<TIME(12,0,0), MOD(AP17,1)>TIME(12,0,0)), 60, 0 ), IF( MOD(AP17,1)<=TIME(12,0,0), (INT(AP17)-INT(AN17))*960, (INT(AP17)-INT(AN17))*1020 ) ) -> 0 | AS17: =(AQ17-AR17)/60 -> 0.94062556 | AT17: =AW17 | AV17: =if(AU17<>"", if(AV17="",NOW(),AV17),"") | AX17: =if(AW17="Done", if(AX17="",NOW(),AX17),"") | AZ17: =BC17 | BB17: =if(BA17<>"", if(BB17="",NOW(),BB17),"") | BD17: =if(BC17="Done", if(BD17="",NOW(),BD17),"") | BF17: =BI17 | BH17: =if(BG17<>"", if(BH17="",NOW(),BH17),"") | BJ17: =if(BI17="Done", if(BJ17="",NOW(),BJ17),"") | BK17: 0 | BM17: =BI17 | BO17: =if(BN17<>"", if(BO17="",NOW(),BO17),"") | BQ17: =if(BP17="Done", if(BQ17="",NOW(),BQ17),"") | BR17: =IF(AND(BO17<>"",BQ17<>""),(BQ17-BO17)*1440,"") | BS17: =IF( INT(BO17)=INT(BQ17), IF( AND(MOD(BO17,1)<TIME(12,0,0), MOD(BQ17,1)>TIME(12,0,0)), 60, 0 ), IF( MOD(BQ17,1)<=TIME(12,0,0), (INT(BQ17)-INT(BO17))*960, (INT(BQ17)-INT(BO17))*1020 ) ) -> 0 | BT17: =(BR17-BS17)/60 -> 0 | BU17: =BX17 | BW17: =if(BV17<>"", if(BW17="",NOW(),BW17),"") | BY17: =if(BX17="Done", if(BY17="",NOW(),BY17),"") | CA17: =CD17 | CC17: =if(CB17<>"", if(CC17="",NOW(),CC17),"") | CE17: =if(CD17="Done", if(CE17="",NOW(),CE17),"") | CG17: =CJ17 | CI17: =if(CH17<>"", if(CI17="",NOW(),CI17),"") | CK17: =if(CJ17="Done", if(CK17="",NOW(),CK17),"") | CL17: 0
A18: =IF(C18="","",COUNTA($A$3:A18)) -> 16 | C18: Keyboard Full-size Wired USB | G18: 3 | H18: 3 | I18: Yasin Nur Kholish | K18: =G18 -> 3 | L18: Arif Kurniawan | M18: 46290.463 | N18: Done | O18: 46290.672 | P18: =IF(AND(M18<>"",O18<>""),(O18-M18)*1440,"") -> 300.96132 | Q18: =IF( INT(M18)=INT(O18), IF( AND(MOD(M18,1)<TIME(12,0,0), MOD(O18,1)>TIME(12,0,0)), 60, 0 ), IF( MOD(O18,1)<=TIME(12,0,0), (INT(O18)-INT(M18))*960, (INT(O18)-INT(M18))*1020 ) ) -> 60 | R18: =(P18-Q18)/60 -> 4.0160219 | S18: =V18 | Y18: =AB18 | AE18: =AH18 | AG18: =if(AF18<>"", if(AG18="",NOW(),AG18),"") | AI18: =if(AH18="Done", if(AI18="",NOW(),AI18),"") | AJ18: 0 | AL18: 3 | AM18: Arif Kurniawan | AN18: 46293.6 | AO18: Done | AP18: 46293.708 | AQ18: =IF(AND(AN18<>"",AP18<>""),(AP18-AN18)*1440,"") -> 156.08837 | AR18: =IF( INT(AN18)=INT(AP18), IF( AND(MOD(AN18,1)<TIME(12,0,0), MOD(AP18,1)>TIME(12,0,0)), 60, 0 ), IF( MOD(AP18,1)<=TIME(12,0,0), (INT(AP18)-INT(AN18))*960, (INT(AP18)-INT(AN18))*1020 ) ) -> 0 | AS18: =(AQ18-AR18)/60 -> 2.6014728 | AT18: =AW18 | AV18: =if(AU18<>"", if(AV18="",NOW(),AV18),"") | AX18: =if(AW18="Done", if(AX18="",NOW(),AX18),"") | AZ18: =BC18 | BB18: =if(BA18<>"", if(BB18="",NOW(),BB18),"") | BD18: =if(BC18="Done", if(BD18="",NOW(),BD18),"") | BF18: =BI18 | BH18: =if(BG18<>"", if(BH18="",NOW(),BH18),"") | BJ18: =if(BI18="Done", if(BJ18="",NOW(),BJ18),"") | BK18: 0 | BM18: =BI18 | BO18: =if(BN18<>"", if(BO18="",NOW(),BO18),"") | BQ18: =if(BP18="Done", if(BQ18="",NOW(),BQ18),"") | BR18: =IF(AND(BO18<>"",BQ18<>""),(BQ18-BO18)*1440,"") | BS18: =IF( INT(BO18)=INT(BQ18), IF( AND(MOD(BO18,1)<TIME(12,0,0), MOD(BQ18,1)>TIME(12,0,0)), 60, 0 ), IF( MOD(BQ18,1)<=TIME(12,0,0), (INT(BQ18)-INT(BO18))*960, (INT(BQ18)-INT(BO18))*1020 ) ) -> 0 | BT18: =(BR18-BS18)/60 -> 0 | BU18: =BX18 | BW18: =if(BV18<>"", if(BW18="",NOW(),BW18),"") | BY18: =if(BX18="Done", if(BY18="",NOW(),BY18),"") | CA18: =CD18 | CC18: =if(CB18<>"", if(CC18="",NOW(),CC18),"") | CE18: =if(CD18="Done", if(CE18="",NOW(),CE18),"") | CG18: =CJ18 | CI18: =if(CH18<>"", if(CI18="",NOW(),CI18),"") | CK18: =if(CJ18="Done", if(CK18="",NOW(),CK18),"") | CL18: 0
A19: =IF(C19="","",COUNTA($A$3:A19)) -> 17 | C19: Mouse Wired USB | G19: 2 | H19: 1 | I19: Yasin Nur Kholish | K19: =G19 -> 2 | L19: Adam Al Hafizh Djabumona | M19: 46290.41 | N19: Done | O19: 46290.465 | P19: =IF(AND(M19<>"",O19<>""),(O19-M19)*1440,"") -> 79.133383 | Q19: =IF( INT(M19)=INT(O19), IF( AND(MOD(M19,1)<TIME(12,0,0), MOD(O19,1)>TIME(12,0,0)), 60, 0 ), IF( MOD(O19,1)<=TIME(12,0,0), (INT(O19)-INT(M19))*960, (INT(O19)-INT(M19))*1020 ) ) -> 0 | R19: =(P19-Q19)/60 -> 1.3188897 | S19: =V19 | Y19: =AB19 | AE19: =AH19 | AG19: =if(AF19<>"", if(AG19="",NOW(),AG19),"") | AI19: =if(AH19="Done", if(AI19="",NOW(),AI19),"") | AJ19: 0 | AL19: 1 | AM19: Aditya Warman | AN19: 46294.398 | AO19: Done | AP19: 46294.436 | AQ19: =IF(AND(AN19<>"",AP19<>""),(AP19-AN19)*1440,"") -> 55.1629 | AR19: =IF( INT(AN19)=INT(AP19), IF( AND(MOD(AN19,1)<TIME(12,0,0), MOD(AP19,1)>TIME(12,0,0)), 60, 0 ), IF( MOD(AP19,1)<=TIME(12,0,0), (INT(AP19)-INT(AN19))*960, (INT(AP19)-INT(AN19))*1020 ) ) -> 0 | AS19: =(AQ19-AR19)/60 -> 0.91938167 | AT19: =AW19 | AV19: =if(AU19<>"", if(AV19="",NOW(),AV19),"") | AX19: =if(AW19="Done", if(AX19="",NOW(),AX19),"") | AZ19: =BC19 | BB19: =if(BA19<>"", if(BB19="",NOW(),BB19),"") | BD19: =if(BC19="Done", if(BD19="",NOW(),BD19),"") | BF19: =BI19 | BH19: =if(BG19<>"", if(BH19="",NOW(),BH19),"") | BJ19: =if(BI19="Done", if(BJ19="",NOW(),BJ19),"") | BK19: 0 | BM19: =BI19 | BO19: =if(BN19<>"", if(BO19="",NOW(),BO19),"") | BQ19: =if(BP19="Done", if(BQ19="",NOW(),BQ19),"") | BR19: =IF(AND(BO19<>"",BQ19<>""),(BQ19-BO19)*1440,"") | BS19: =IF( INT(BO19)=INT(BQ19), IF( AND(MOD(BO19,1)<TIME(12,0,0), MOD(BQ19,1)>TIME(12,0,0)), 60, 0 ), IF( MOD(BQ19,1)<=TIME(12,0,0), (INT(BQ19)-INT(BO19))*960, (INT(BQ19)-INT(BO19))*1020 ) ) -> 0 | BT19: =(BR19-BS19)/60 -> 0 | BU19: =BX19 | BW19: =if(BV19<>"", if(BW19="",NOW(),BW19),"") | BY19: =if(BX19="Done", if(BY19="",NOW(),BY19),"") | CA19: =CD19 | CC19: =if(CB19<>"", if(CC19="",NOW(),CC19),"") | CE19: =if(CD19="Done", if(CE19="",NOW(),CE19),"") | CG19: =CJ19 | CI19: =if(CH19<>"", if(CI19="",NOW(),CI19),"") | CK19: =if(CJ19="Done", if(CK19="",NOW(),CK19),"") | CL19: 0
A20: =IF(C20="","",COUNTA($A$3:A20)) -> 18 | C20: Headset Wired USB | G20: 2 | H20: 2 | I20: Yasin Nur Kholish | K20: =G20 -> 2 | L20: Aditya Warman | M20: 46290.467 | N20: Done | O20: 46290.599 | P20: =IF(AND(M20<>"",O20<>""),(O20-M20)*1440,"") -> 191.19605 | Q20: =IF( INT(M20)=INT(O20), IF( AND(MOD(M20,1)<TIME(12,0,0), MOD(O20,1)>TIME(12,0,0)), 60, 0 ), IF( MOD(O20,1)<=TIME(12,0,0), (INT(O20)-INT(M20))*960, (INT(O20)-INT(M20))*1020 ) ) -> 60 | R20: =(P20-Q20)/60 -> 2.1866008 | S20: =V20 | Y20: =AB20 | AE20: =AH20 | AG20: =if(AF20<>"", if(AG20="",NOW(),AG20),"") | AI20: =if(AH20="Done", if(AI20="",NOW(),AI20),"") | AJ20: 0 | AL20: 2 | AM20: Aditya Warman | AN20: 46293.595 | AO20: Done | AP20: 46293.673 | AQ20: =IF(AND(AN20<>"",AP20<>""),(AP20-AN20)*1440,"") -> 111.49458 | AR20: =IF( INT(AN20)=INT(AP20), IF( AND(MOD(AN20,1)<TIME(12,0,0), MOD(AP20,1)>TIME(12,0,0)), 60, 0 ), IF( MOD(AP20,1)<=TIME(12,0,0), (INT(AP20)-INT(AN20))*960, (INT(AP20)-INT(AN20))*1020 ) ) -> 0 | AS20: =(AQ20-AR20)/60 -> 1.8582431 | AT20: =AW20 | AV20: =if(AU20<>"", if(AV20="",NOW(),AV20),"") | AX20: =if(AW20="Done", if(AX20="",NOW(),AX20),"") | AZ20: =BC20 | BB20: =if(BA20<>"", if(BB20="",NOW(),BB20),"") | BD20: =if(BC20="Done", if(BD20="",NOW(),BD20),"") | BF20: =BI20 | BH20: =if(BG20<>"", if(BH20="",NOW(),BH20),"") | BJ20: =if(BI20="Done", if(BJ20="",NOW(),BJ20),"") | BK20: 0 | BM20: =BI20 | BO20: =if(BN20<>"", if(BO20="",NOW(),BO20),"") | BQ20: =if(BP20="Done", if(BQ20="",NOW(),BQ20),"") | BR20: =IF(AND(BO20<>"",BQ20<>""),(BQ20-BO20)*1440,"") | BS20: =IF( INT(BO20)=INT(BQ20), IF( AND(MOD(BO20,1)<TIME(12,0,0), MOD(BQ20,1)>TIME(12,0,0)), 60, 0 ), IF( MOD(BQ20,1)<=TIME(12,0,0), (INT(BQ20)-INT(BO20))*960, (INT(BQ20)-INT(BO20))*1020 ) ) -> 0 | BT20: =(BR20-BS20)/60 -> 0 | BU20: =BX20 | BW20: =if(BV20<>"", if(BW20="",NOW(),BW20),"") | BY20: =if(BX20="Done", if(BY20="",NOW(),BY20),"") | CA20: =CD20 | CC20: =if(CB20<>"", if(CC20="",NOW(),CC20),"") | CE20: =if(CD20="Done", if(CE20="",NOW(),CE20),"") | CG20: =CJ20 | CI20: =if(CH20<>"", if(CI20="",NOW(),CI20),"") | CK20: =if(CJ20="Done", if(CK20="",NOW(),CK20),"") | CL20: 0
A21: =IF(C21="","",COUNTA($A$3:A21)) -> 19 | C21: Remake Body F16 - Front | K21: =G21 | M21: =if(L21<>"", if(M21="",NOW(),M21),"") | O21: =if(N21="Done", if(O21="",NOW(),O21),"") | P21: =IF(AND(M21<>"",O21<>""),(O21-M21)*1440,"") | Q21: =IF( INT(M21)=INT(O21), IF( AND(MOD(M21,1)<TIME(12,0,0), MOD(O21,1)>TIME(12,0,0)), 60, 0 ), IF( MOD(O21,1)<=TIME(12,0,0), (INT(O21)-INT(M21))*960, (INT(O21)-INT(M21))*1020 ) ) -> 0 | R21: =(P21-Q21)/60 -> 0 | S21: =V21 | U21: =if(T21<>"", if(U21="",NOW(),U21),"") | W21: =if(V21="Done", if(W21="",NOW(),W21),"") | Y21: =AB21 | AA21: =if(Z21<>"", if(AA21="",NOW(),AA21),"") | AC21: =if(AB21="Done", if(AC21="",NOW(),AC21),"") | AE21: =AH21 | AG21: =if(AF21<>"", if(AG21="",NOW(),AG21),"") | AI21: =if(AH21="Done", if(AI21="",NOW(),AI21),"") | AJ21: 0 | AN21: =if(AM21<>"", if(AN21="",NOW(),AN21),"") | AP21: =if(AO21="Done", if(AP21="",NOW(),AP21),"") | AQ21: =IF(AND(AN21<>"",AP21<>""),(AP21-AN21)*1440,"") | AR21: =IF( INT(AN21)=INT(AP21), IF( AND(MOD(AN21,1)<TIME(12,0,0), MOD(AP21,1)>TIME(12,0,0)), 60, 0 ), IF( MOD(AP21,1)<=TIME(12,0,0), (INT(AP21)-INT(AN21))*960, (INT(AP21)-INT(AN21))*1020 ) ) -> 0 | AS21: =(AQ21-AR21)/60 -> 0 | AT21: =AW21 | AV21: =if(AU21<>"", if(AV21="",NOW(),AV21),"") | AX21: =if(AW21="Done", if(AX21="",NOW(),AX21),"") | AZ21: =BC21 | BB21: =if(BA21<>"", if(BB21="",NOW(),BB21),"") | BD21: =if(BC21="Done", if(BD21="",NOW(),BD21),"") | BF21: =BI21 | BH21: =if(BG21<>"", if(BH21="",NOW(),BH21),"") | BJ21: =if(BI21="Done", if(BJ21="",NOW(),BJ21),"") | BK21: 0 | BM21: =BI21 | BO21: =if(BN21<>"", if(BO21="",NOW(),BO21),"") | BQ21: =if(BP21="Done", if(BQ21="",NOW(),BQ21),"") | BR21: =IF(AND(BO21<>"",BQ21<>""),(BQ21-BO21)*1440,"") | BS21: =IF( INT(BO21)=INT(BQ21), IF( AND(MOD(BO21,1)<TIME(12,0,0), MOD(BQ21,1)>TIME(12,0,0)), 60, 0 ), IF( MOD(BQ21,1)<=TIME(12,0,0), (INT(BQ21)-INT(BO21))*960, (INT(BQ21)-INT(BO21))*1020 ) ) -> 0 | BT21: =(BR21-BS21)/60 -> 0 | BU21: =BX21 | BW21: =if(BV21<>"", if(BW21="",NOW(),BW21),"") | BY21: =if(BX21="Done", if(BY21="",NOW(),BY21),"") | CA21: =CD21 | CC21: =if(CB21<>"", if(CC21="",NOW(),CC21),"") | CE21: =if(CD21="Done", if(CE21="",NOW(),CE21),"") | CG21: =CJ21 | CI21: =if(CH21<>"", if(CI21="",NOW(),CI21),"") | CK21: =if(CJ21="Done", if(CK21="",NOW(),CK21),"") | CL21: 0
A22: =IF(C22="","",COUNTA($A$3:A22)) -> 20 | C22: Remake Body F16 - Fuselage | K22: =G22 | P22: =IF(AND(M22<>"",O22<>""),(O22-M22)*1440,"") | Q22: =IF( INT(M22)=INT(O22), IF( AND(MOD(M22,1)<TIME(12,0,0), MOD(O22,1)>TIME(12,0,0)), 60, 0 ), IF( MOD(O22,1)<=TIME(12,0,0), (INT(O22)-INT(M22))*960, (INT(O22)-INT(M22))*1020 ) ) -> 0 | R22: =(P22-Q22)/60 -> 0 | S22: =V22 | U22: =if(T22<>"", if(U22="",NOW(),U22),"") | W22: =if(V22="Done", if(W22="",NOW(),W22),"") | Y22: =AB22 | AA22: =if(Z22<>"", if(AA22="",NOW(),AA22),"") | AC22: =if(AB22="Done", if(AC22="",NOW(),AC22),"") | AE22: =AH22 | AJ22: 0 | AN22: =if(AM22<>"", if(AN22="",NOW(),AN22),"") | AP22: =if(AO22="Done", if(AP22="",NOW(),AP22),"") | AQ22: =IF(AND(AN22<>"",AP22<>""),(AP22-AN22)*1440,"") | AR22: =IF( INT(AN22)=INT(AP22), IF( AND(MOD(AN22,1)<TIME(12,0,0), MOD(AP22,1)>TIME(12,0,0)), 60, 0 ), IF( MOD(AP22,1)<=TIME(12,0,0), (INT(AP22)-INT(AN22))*960, (INT(AP22)-INT(AN22))*1020 ) ) -> 0 | AS22: =(AQ22-AR22)/60 -> 0 | AT22: =AW22 | AV22: =if(AU22<>"", if(AV22="",NOW(),AV22),"") | AX22: =if(AW22="Done", if(AX22="",NOW(),AX22),"") | AZ22: =BC22 | BB22: =if(BA22<>"", if(BB22="",NOW(),BB22),"") | BD22: =if(BC22="Done", if(BD22="",NOW(),BD22),"") | BF22: =BI22 | BH22: =if(BG22<>"", if(BH22="",NOW(),BH22),"") | BJ22: =if(BI22="Done", if(BJ22="",NOW(),BJ22),"") | BK22: 0 | BM22: =BI22 | BO22: =if(BN22<>"", if(BO22="",NOW(),BO22),"") | BQ22: =if(BP22="Done", if(BQ22="",NOW(),BQ22),"") | BR22: =IF(AND(BO22<>"",BQ22<>""),(BQ22-BO22)*1440,"") | BS22: =IF( INT(BO22)=INT(BQ22), IF( AND(MOD(BO22,1)<TIME(12,0,0), MOD(BQ22,1)>TIME(12,0,0)), 60, 0 ), IF( MOD(BQ22,1)<=TIME(12,0,0), (INT(BQ22)-INT(BO22))*960, (INT(BQ22)-INT(BO22))*1020 ) ) -> 0 | BT22: =(BR22-BS22)/60 -> 0 | BU22: =BX22 | BW22: =if(BV22<>"", if(BW22="",NOW(),BW22),"") | BY22: =if(BX22="Done", if(BY22="",NOW(),BY22),"") | CA22: =CD22 | CC22: =if(CB22<>"", if(CC22="",NOW(),CC22),"") | CE22: =if(CD22="Done", if(CE22="",NOW(),CE22),"") | CG22: =CJ22 | CI22: =if(CH22<>"", if(CI22="",NOW(),CI22),"") | CK22: =if(CJ22="Done", if(CK22="",NOW(),CK22),"") | CL22: 0
A23: =IF(C23="","",COUNTA($A$3:A23)) -> 21 | C23: Remake Body F16 - Wing | K23: =G23 | M23: =if(L23<>"", if(M23="",NOW(),M23),"") | O23: =if(N23="Done", if(O23="",NOW(),O23),"") | P23: =IF(AND(M23<>"",O23<>""),(O23-M23)*1440,"") | Q23: =IF( INT(M23)=INT(O23), IF( AND(MOD(M23,1)<TIME(12,0,0), MOD(O23,1)>TIME(12,0,0)), 60, 0 ), IF( MOD(O23,1)<=TIME(12,0,0), (INT(O23)-INT(M23))*960, (INT(O23)-INT(M23))*1020 ) ) -> 0 | R23: =(P23-Q23)/60 -> 0 | S23: =V23 | U23: =if(T23<>"", if(U23="",NOW(),U23),"") | W23: =if(V23="Done", if(W23="",NOW(),W23),"") | Y23: =AB23 | AA23: =if(Z23<>"", if(AA23="",NOW(),AA23),"") | AC23: =if(AB23="Done", if(AC23="",NOW(),AC23),"") | AE23: =AH23 | AG23: =if(AF23<>"", if(AG23="",NOW(),AG23),"") | AI23: =if(AH23="Done", if(AI23="",NOW(),AI23),"") | AJ23: 0 | AN23: =if(AM23<>"", if(AN23="",NOW(),AN23),"") | AP23: =if(AO23="Done", if(AP23="",NOW(),AP23),"") | AQ23: =IF(AND(AN23<>"",AP23<>""),(AP23-AN23)*1440,"") | AR23: =IF( INT(AN23)=INT(AP23), IF( AND(MOD(AN23,1)<TIME(12,0,0), MOD(AP23,1)>TIME(12,0,0)), 60, 0 ), IF( MOD(AP23,1)<=TIME(12,0,0), (INT(AP23)-INT(AN23))*960, (INT(AP23)-INT(AN23))*1020 ) ) -> 0 | AS23: =(AQ23-AR23)/60 -> 0 | AT23: =AW23 | AV23: =if(AU23<>"", if(AV23="",NOW(),AV23),"") | AX23: =if(AW23="Done", if(AX23="",NOW(),AX23),"") | AZ23: =BC23 | BB23: =if(BA23<>"", if(BB23="",NOW(),BB23),"") | BD23: =if(BC23="Done", if(BD23="",NOW(),BD23),"") | BF23: =BI23 | BH23: =if(BG23<>"", if(BH23="",NOW(),BH23),"") | BJ23: =if(BI23="Done", if(BJ23="",NOW(),BJ23),"") | BK23: 0 | BM23: =BI23 | BO23: =if(BN23<>"", if(BO23="",NOW(),BO23),"") | BQ23: =if(BP23="Done", if(BQ23="",NOW(),BQ23),"") | BR23: =IF(AND(BO23<>"",BQ23<>""),(BQ23-BO23)*1440,"") | BS23: =IF( INT(BO23)=INT(BQ23), IF( AND(MOD(BO23,1)<TIME(12,0,0), MOD(BQ23,1)>TIME(12,0,0)), 60, 0 ), IF( MOD(BQ23,1)<=TIME(12,0,0), (INT(BQ23)-INT(BO23))*960, (INT(BQ23)-INT(BO23))*1020 ) ) -> 0 | BT23: =(BR23-BS23)/60 -> 0 | BU23: =BX23 | BW23: =if(BV23<>"", if(BW23="",NOW(),BW23),"") | BY23: =if(BX23="Done", if(BY23="",NOW(),BY23),"") | CA23: =CD23 | CC23: =if(CB23<>"", if(CC23="",NOW(),CC23),"") | CE23: =if(CD23="Done", if(CE23="",NOW(),CE23),"") | CG23: =CJ23 | CI23: =if(CH23<>"", if(CI23="",NOW(),CI23),"") | CK23: =if(CJ23="Done", if(CK23="",NOW(),CK23),"") | CL23: 0
A24: =IF(C24="","",COUNTA($A$3:A24)) -> 22 | C24: Remake Body F16 - Rear | K24: =G24 | M24: =if(L24<>"", if(M24="",NOW(),M24),"") | O24: =if(N24="Done", if(O24="",NOW(),O24),"") | P24: =IF(AND(M24<>"",O24<>""),(O24-M24)*1440,"") | Q24: =IF( INT(M24)=INT(O24), IF( AND(MOD(M24,1)<TIME(12,0,0), MOD(O24,1)>TIME(12,0,0)), 60, 0 ), IF( MOD(O24,1)<=TIME(12,0,0), (INT(O24)-INT(M24))*960, (INT(O24)-INT(M24))*1020 ) ) -> 0 | R24: =(P24-Q24)/60 -> 0 | S24: =V24 | U24: =if(T24<>"", if(U24="",NOW(),U24),"") | W24: =if(V24="Done", if(W24="",NOW(),W24),"") | Y24: =AB24 | AA24: =if(Z24<>"", if(AA24="",NOW(),AA24),"") | AC24: =if(AB24="Done", if(AC24="",NOW(),AC24),"") | AE24: =AH24 | AG24: =if(AF24<>"", if(AG24="",NOW(),AG24),"") | AI24: =if(AH24="Done", if(AI24="",NOW(),AI24),"") | AJ24: 0 | AN24: =if(AM24<>"", if(AN24="",NOW(),AN24),"") | AP24: =if(AO24="Done", if(AP24="",NOW(),AP24),"") | AQ24: =IF(AND(AN24<>"",AP24<>""),(AP24-AN24)*1440,"") | AR24: =IF( INT(AN24)=INT(AP24), IF( AND(MOD(AN24,1)<TIME(12,0,0), MOD(AP24,1)>TIME(12,0,0)), 60, 0 ), IF( MOD(AP24,1)<=TIME(12,0,0), (INT(AP24)-INT(AN24))*960, (INT(AP24)-INT(AN24))*1020 ) ) -> 0 | AS24: =(AQ24-AR24)/60 -> 0 | AT24: =AW24 | AV24: =if(AU24<>"", if(AV24="",NOW(),AV24),"") | AX24: =if(AW24="Done", if(AX24="",NOW(),AX24),"") | AZ24: =BC24 | BB24: =if(BA24<>"", if(BB24="",NOW(),BB24),"") | BD24: =if(BC24="Done", if(BD24="",NOW(),BD24),"") | BF24: =BI24 | BH24: =if(BG24<>"", if(BH24="",NOW(),BH24),"") | BJ24: =if(BI24="Done", if(BJ24="",NOW(),BJ24),"") | BK24: 0 | BM24: =BI24 | BO24: =if(BN24<>"", if(BO24="",NOW(),BO24),"") | BQ24: =if(BP24="Done", if(BQ24="",NOW(),BQ24),"") | BR24: =IF(AND(BO24<>"",BQ24<>""),(BQ24-BO24)*1440,"") | BS24: =IF( INT(BO24)=INT(BQ24), IF( AND(MOD(BO24,1)<TIME(12,0,0), MOD(BQ24,1)>TIME(12,0,0)), 60, 0 ), IF( MOD(BQ24,1)<=TIME(12,0,0), (INT(BQ24)-INT(BO24))*960, (INT(BQ24)-INT(BO24))*1020 ) ) -> 0 | BT24: =(BR24-BS24)/60 -> 0 | BU24: =BX24 | BW24: =if(BV24<>"", if(BW24="",NOW(),BW24),"") | BY24: =if(BX24="Done", if(BY24="",NOW(),BY24),"") | CA24: =CD24 | CC24: =if(CB24<>"", if(CC24="",NOW(),CC24),"") | CE24: =if(CD24="Done", if(CE24="",NOW(),CE24),"") | CG24: =CJ24 | CI24: =if(CH24<>"", if(CI24="",NOW(),CI24),"") | CK24: =if(CJ24="Done", if(CK24="",NOW(),CK24),"") | CL24: 0
A25: =IF(C25="","",COUNTA($A$3:A25)) -> 23 | C25: Remake F16 - Nose Landing Gear | G25: 5 | H25: 4 | I25: Yasin Nur Kholish | K25: =G25 -> 5 | L25: Michael Karel Yansen Gunawan | M25: =if(L25<>"", if(M25="",NOW(),M25),"") -> 46315.617 | N25: Pending | O25: =if(N25="Done", if(O25="",NOW(),O25),"") | P25: =IF(AND(M25<>"",O25<>""),(O25-M25)*1440,"") | Q25: =IF( INT(M25)=INT(O25), IF( AND(MOD(M25,1)<TIME(12,0,0), MOD(O25,1)>TIME(12,0,0)), 60, 0 ), IF( MOD(O25,1)<=TIME(12,0,0), (INT(O25)-INT(M25))*960, (INT(O25)-INT(M25))*1020 ) ) -> -44462400 | R25: =(P25-Q25)/60 -> 741040 | S25: =V25 | U25: =if(T25<>"", if(U25="",NOW(),U25),"") | W25: =if(V25="Done", if(W25="",NOW(),W25),"") | Y25: =AB25 | AA25: =if(Z25<>"", if(AA25="",NOW(),AA25),"") | AC25: =if(AB25="Done", if(AC25="",NOW(),AC25),"") | AE25: =AH25 | AG25: =if(AF25<>"", if(AG25="",NOW(),AG25),"") | AI25: =if(AH25="Done", if(AI25="",NOW(),AI25),"") | AJ25: 0 | AL25: 4 | AN25: =if(AM25<>"", if(AN25="",NOW(),AN25),"") | AP25: =if(AO25="Done", if(AP25="",NOW(),AP25),"") | AQ25: =IF(AND(AN25<>"",AP25<>""),(AP25-AN25)*1440,"") | AR25: =IF( INT(AN25)=INT(AP25), IF( AND(MOD(AN25,1)<TIME(12,0,0), MOD(AP25,1)>TIME(12,0,0)), 60, 0 ), IF( MOD(AP25,1)<=TIME(12,0,0), (INT(AP25)-INT(AN25))*960, (INT(AP25)-INT(AN25))*1020 ) ) -> 0 | AS25: =(AQ25-AR25)/60 -> 0 | AT25: =AW25 | AV25: =if(AU25<>"", if(AV25="",NOW(),AV25),"") | AX25: =if(AW25="Done", if(AX25="",NOW(),AX25),"") | AZ25: =BC25 | BB25: =if(BA25<>"", if(BB25="",NOW(),BB25),"") | BD25: =if(BC25="Done", if(BD25="",NOW(),BD25),"") | BF25: =BI25 | BH25: =if(BG25<>"", if(BH25="",NOW(),BH25),"") | BJ25: =if(BI25="Done", if(BJ25="",NOW(),BJ25),"") | BK25: 0 | BM25: =BI25 | BO25: =if(BN25<>"", if(BO25="",NOW(),BO25),"") | BQ25: =if(BP25="Done", if(BQ25="",NOW(),BQ25),"") | BR25: =IF(AND(BO25<>"",BQ25<>""),(BQ25-BO25)*1440,"") | BS25: =IF( INT(BO25)=INT(BQ25), IF( AND(MOD(BO25,1)<TIME(12,0,0), MOD(BQ25,1)>TIME(12,0,0)), 60, 0 ), IF( MOD(BQ25,1)<=TIME(12,0,0), (INT(BQ25)-INT(BO25))*960, (INT(BQ25)-INT(BO25))*1020 ) ) -> 0 | BT25: =(BR25-BS25)/60 -> 0 | BU25: =BX25 | BW25: =if(BV25<>"", if(BW25="",NOW(),BW25),"") | BY25: =if(BX25="Done", if(BY25="",NOW(),BY25),"") | CA25: =CD25 | CC25: =if(CB25<>"", if(CC25="",NOW(),CC25),"") | CE25: =if(CD25="Done", if(CE25="",NOW(),CE25),"") | CG25: =CJ25 | CI25: =if(CH25<>"", if(CI25="",NOW(),CI25),"") | CK25: =if(CJ25="Done", if(CK25="",NOW(),CK25),"") | CL25: 0
A26: =IF(C26="","",COUNTA($A$3:A26)) -> 24 | C26: Remake F16 - Main Landing Gear | K26: =G26 | M26: =if(L26<>"", if(M26="",NOW(),M26),"") | O26: =if(N26="Done", if(O26="",NOW(),O26),"") | P26: =IF(AND(M26<>"",O26<>""),(O26-M26)*1440,"") | Q26: =IF( INT(M26)=INT(O26), IF( AND(MOD(M26,1)<TIME(12,0,0), MOD(O26,1)>TIME(12,0,0)), 60, 0 ), IF( MOD(O26,1)<=TIME(12,0,0), (INT(O26)-INT(M26))*960, (INT(O26)-INT(M26))*1020 ) ) -> 0 | R26: =(P26-Q26)/60 -> 0 | S26: =V26 | U26: =if(T26<>"", if(U26="",NOW(),U26),"") | W26: =if(V26="Done", if(W26="",NOW(),W26),"") | Y26: =AB26 | AA26: =if(Z26<>"", if(AA26="",NOW(),AA26),"") | AC26: =if(AB26="Done", if(AC26="",NOW(),AC26),"") | AE26: =AH26 | AG26: =if(AF26<>"", if(AG26="",NOW(),AG26),"") | AI26: =if(AH26="Done", if(AI26="",NOW(),AI26),"") | AJ26: 0 | AN26: =if(AM26<>"", if(AN26="",NOW(),AN26),"") | AP26: =if(AO26="Done", if(AP26="",NOW(),AP26),"") | AQ26: =IF(AND(AN26<>"",AP26<>""),(AP26-AN26)*1440,"") | AR26: =IF( INT(AN26)=INT(AP26), IF( AND(MOD(AN26,1)<TIME(12,0,0), MOD(AP26,1)>TIME(12,0,0)), 60, 0 ), IF( MOD(AP26,1)<=TIME(12,0,0), (INT(AP26)-INT(AN26))*960, (INT(AP26)-INT(AN26))*1020 ) ) -> 0 | AS26: =(AQ26-AR26)/60 -> 0 | AT26: =AW26 | AV26: =if(AU26<>"", if(AV26="",NOW(),AV26),"") | AX26: =if(AW26="Done", if(AX26="",NOW(),AX26),"") | AZ26: =BC26 | BB26: =if(BA26<>"", if(BB26="",NOW(),BB26),"") | BD26: =if(BC26="Done", if(BD26="",NOW(),BD26),"") | BF26: =BI26 | BH26: =if(BG26<>"", if(BH26="",NOW(),BH26),"") | BJ26: =if(BI26="Done", if(BJ26="",NOW(),BJ26),"") | BK26: 0 | BM26: =BI26 | BO26: =if(BN26<>"", if(BO26="",NOW(),BO26),"") | BQ26: =if(BP26="Done", if(BQ26="",NOW(),BQ26),"") | BR26: =IF(AND(BO26<>"",BQ26<>""),(BQ26-BO26)*1440,"") | BS26: =IF( INT(BO26)=INT(BQ26), IF( AND(MOD(BO26,1)<TIME(12,0,0), MOD(BQ26,1)>TIME(12,0,0)), 60, 0 ), IF( MOD(BQ26,1)<=TIME(12,0,0), (INT(BQ26)-INT(BO26))*960, (INT(BQ26)-INT(BO26))*1020 ) ) -> 0 | BT26: =(BR26-BS26)/60 -> 0 | BU26: =BX26 | BW26: =if(BV26<>"", if(BW26="",NOW(),BW26),"") | BY26: =if(BX26="Done", if(BY26="",NOW(),BY26),"") | CA26: =CD26 | CC26: =if(CB26<>"", if(CC26="",NOW(),CC26),"") | CE26: =if(CD26="Done", if(CE26="",NOW(),CE26),"") | CG26: =CJ26 | CI26: =if(CH26<>"", if(CI26="",NOW(),CI26),"") | CK26: =if(CJ26="Done", if(CK26="",NOW(),CK26),"") | CL26: 0
A27: =IF(C27="","",COUNTA($A$3:A27)) -> 25 | C27: Remake F16 - Pylon | K27: =G27 | M27: =if(L27<>"", if(M27="",NOW(),M27),"") | O27: =if(N27="Done", if(O27="",NOW(),O27),"") | P27: =IF(AND(M27<>"",O27<>""),(O27-M27)*1440,"") | Q27: =IF( INT(M27)=INT(O27), IF( AND(MOD(M27,1)<TIME(12,0,0), MOD(O27,1)>TIME(12,0,0)), 60, 0 ), IF( MOD(O27,1)<=TIME(12,0,0), (INT(O27)-INT(M27))*960, (INT(O27)-INT(M27))*1020 ) ) -> 0 | R27: =(P27-Q27)/60 -> 0 | S27: =V27 | U27: =if(T27<>"", if(U27="",NOW(),U27),"") | W27: =if(V27="Done", if(W27="",NOW(),W27),"") | Y27: =AB27 | AA27: =if(Z27<>"", if(AA27="",NOW(),AA27),"") | AC27: =if(AB27="Done", if(AC27="",NOW(),AC27),"") | AE27: =AH27 | AG27: =if(AF27<>"", if(AG27="",NOW(),AG27),"") | AI27: =if(AH27="Done", if(AI27="",NOW(),AI27),"") | AJ27: 0 | AN27: =if(AM27<>"", if(AN27="",NOW(),AN27),"") | AP27: =if(AO27="Done", if(AP27="",NOW(),AP27),"") | AQ27: =IF(AND(AN27<>"",AP27<>""),(AP27-AN27)*1440,"") | AR27: =IF( INT(AN27)=INT(AP27), IF( AND(MOD(AN27,1)<TIME(12,0,0), MOD(AP27,1)>TIME(12,0,0)), 60, 0 ), IF( MOD(AP27,1)<=TIME(12,0,0), (INT(AP27)-INT(AN27))*960, (INT(AP27)-INT(AN27))*1020 ) ) -> 0 | AS27: =(AQ27-AR27)/60 -> 0 | AT27: =AW27 | AV27: =if(AU27<>"", if(AV27="",NOW(),AV27),"") | AX27: =if(AW27="Done", if(AX27="",NOW(),AX27),"") | AZ27: =BC27 | BB27: =if(BA27<>"", if(BB27="",NOW(),BB27),"") | BD27: =if(BC27="Done", if(BD27="",NOW(),BD27),"") | BF27: =BI27 | BH27: =if(BG27<>"", if(BH27="",NOW(),BH27),"") | BJ27: =if(BI27="Done", if(BJ27="",NOW(),BJ27),"") | BK27: 0 | BM27: =BI27 | BO27: =if(BN27<>"", if(BO27="",NOW(),BO27),"") | BQ27: =if(BP27="Done", if(BQ27="",NOW(),BQ27),"") | BR27: =IF(AND(BO27<>"",BQ27<>""),(BQ27-BO27)*1440,"") | BS27: =IF( INT(BO27)=INT(BQ27), IF( AND(MOD(BO27,1)<TIME(12,0,0), MOD(BQ27,1)>TIME(12,0,0)), 60, 0 ), IF( MOD(BQ27,1)<=TIME(12,0,0), (INT(BQ27)-INT(BO27))*960, (INT(BQ27)-INT(BO27))*1020 ) ) -> 0 | BT27: =(BR27-BS27)/60 -> 0 | BU27: =BX27 | BW27: =if(BV27<>"", if(BW27="",NOW(),BW27),"") | BY27: =if(BX27="Done", if(BY27="",NOW(),BY27),"") | CA27: =CD27 | CC27: =if(CB27<>"", if(CC27="",NOW(),CC27),"") | CE27: =if(CD27="Done", if(CE27="",NOW(),CE27),"") | CG27: =CJ27 | CI27: =if(CH27<>"", if(CI27="",NOW(),CI27),"") | CK27: =if(CJ27="Done", if(CK27="",NOW(),CK27),"") | CL27: 0
A28: =IF(C28="","",COUNTA($A$3:A28)) -> 26 | C28: Remake F16 - Cockpit Body | G28: 5 | H28: 4 | I28: Yasin Nur Kholish | K28: =G28 -> 5 | L28: Daffa Rifki Arbian Yusuf | M28: 46310.406 | N28: Ongoing | O28: =if(N28="Done", if(O28="",NOW(),O28),"") | P28: =IF(AND(M28<>"",O28<>""),(O28-M28)*1440,"") | Q28: =IF( INT(M28)=INT(O28), IF( AND(MOD(M28,1)<TIME(12,0,0), MOD(O28,1)>TIME(12,0,0)), 60, 0 ), IF( MOD(O28,1)<=TIME(12,0,0), (INT(O28)-INT(M28))*960, (INT(O28)-INT(M28))*1020 ) ) -> -44457600 | R28: =(P28-Q28)/60 -> 740960 | S28: =V28 | U28: =if(T28<>"", if(U28="",NOW(),U28),"") | W28: =if(V28="Done", if(W28="",NOW(),W28),"") | Y28: =AB28 | AA28: =if(Z28<>"", if(AA28="",NOW(),AA28),"") | AC28: =if(AB28="Done", if(AC28="",NOW(),AC28),"") | AE28: =AH28 | AG28: =if(AF28<>"", if(AG28="",NOW(),AG28),"") | AI28: =if(AH28="Done", if(AI28="",NOW(),AI28),"") | AJ28: 0 | AL28: 4 | AN28: =if(AM28<>"", if(AN28="",NOW(),AN28),"") | AP28: =if(AO28="Done", if(AP28="",NOW(),AP28),"") | AQ28: =IF(AND(AN28<>"",AP28<>""),(AP28-AN28)*1440,"") | AR28: =IF( INT(AN28)=INT(AP28), IF( AND(MOD(AN28,1)<TIME(12,0,0), MOD(AP28,1)>TIME(12,0,0)), 60, 0 ), IF( MOD(AP28,1)<=TIME(12,0,0), (INT(AP28)-INT(AN28))*960, (INT(AP28)-INT(AN28))*1020 ) ) -> 0 | AS28: =(AQ28-AR28)/60 -> 0 | AT28: =AW28 | AV28: =if(AU28<>"", if(AV28="",NOW(),AV28),"") | AX28: =if(AW28="Done", if(AX28="",NOW(),AX28),"") | AZ28: =BC28 | BB28: =if(BA28<>"", if(BB28="",NOW(),BB28),"") | BD28: =if(BC28="Done", if(BD28="",NOW(),BD28),"") | BF28: =BI28 | BH28: =if(BG28<>"", if(BH28="",NOW(),BH28),"") | BJ28: =if(BI28="Done", if(BJ28="",NOW(),BJ28),"") | BK28: 0 | BM28: =BI28 | BO28: =if(BN28<>"", if(BO28="",NOW(),BO28),"") | BQ28: =if(BP28="Done", if(BQ28="",NOW(),BQ28),"") | BR28: =IF(AND(BO28<>"",BQ28<>""),(BQ28-BO28)*1440,"") | BS28: =IF( INT(BO28)=INT(BQ28), IF( AND(MOD(BO28,1)<TIME(12,0,0), MOD(BQ28,1)>TIME(12,0,0)), 60, 0 ), IF( MOD(BQ28,1)<=TIME(12,0,0), (INT(BQ28)-INT(BO28))*960, (INT(BQ28)-INT(BO28))*1020 ) ) -> 0 | BT28: =(BR28-BS28)/60 -> 0 | BU28: =BX28 | BW28: =if(BV28<>"", if(BW28="",NOW(),BW28),"") | BY28: =if(BX28="Done", if(BY28="",NOW(),BY28),"") | CA28: =CD28 | CC28: =if(CB28<>"", if(CC28="",NOW(),CC28),"") | CE28: =if(CD28="Done", if(CE28="",NOW(),CE28),"") | CG28: =CJ28 | CI28: =if(CH28<>"", if(CI28="",NOW(),CI28),"") | CK28: =if(CJ28="Done", if(CK28="",NOW(),CK28),"") | CL28: 0
A29: =IF(C29="","",COUNTA($A$3:A29)) -> 27 | C29: Remake F16 - Seat | K29: =G29 | M29: =if(L29<>"", if(M29="",NOW(),M29),"") | O29: =if(N29="Done", if(O29="",NOW(),O29),"") | P29: =IF(AND(M29<>"",O29<>""),(O29-M29)*1440,"") | Q29: =IF( INT(M29)=INT(O29), IF( AND(MOD(M29,1)<TIME(12,0,0), MOD(O29,1)>TIME(12,0,0)), 60, 0 ), IF( MOD(O29,1)<=TIME(12,0,0), (INT(O29)-INT(M29))*960, (INT(O29)-INT(M29))*1020 ) ) -> 0 | R29: =(P29-Q29)/60 -> 0 | S29: =V29 | U29: =if(T29<>"", if(U29="",NOW(),U29),"") | W29: =if(V29="Done", if(W29="",NOW(),W29),"") | Y29: =AB29 | AA29: =if(Z29<>"", if(AA29="",NOW(),AA29),"") | AC29: =if(AB29="Done", if(AC29="",NOW(),AC29),"") | AE29: =AH29 | AG29: =if(AF29<>"", if(AG29="",NOW(),AG29),"") | AI29: =if(AH29="Done", if(AI29="",NOW(),AI29),"") | AJ29: 0 | AN29: =if(AM29<>"", if(AN29="",NOW(),AN29),"") | AP29: =if(AO29="Done", if(AP29="",NOW(),AP29),"") | AQ29: =IF(AND(AN29<>"",AP29<>""),(AP29-AN29)*1440,"") | AR29: =IF( INT(AN29)=INT(AP29), IF( AND(MOD(AN29,1)<TIME(12,0,0), MOD(AP29,1)>TIME(12,0,0)), 60, 0 ), IF( MOD(AP29,1)<=TIME(12,0,0), (INT(AP29)-INT(AN29))*960, (INT(AP29)-INT(AN29))*1020 ) ) -> 0 | AS29: =(AQ29-AR29)/60 -> 0 | AT29: =AW29 | AV29: =if(AU29<>"", if(AV29="",NOW(),AV29),"") | AX29: =if(AW29="Done", if(AX29="",NOW(),AX29),"") | AZ29: =BC29 | BB29: =if(BA29<>"", if(BB29="",NOW(),BB29),"") | BD29: =if(BC29="Done", if(BD29="",NOW(),BD29),"") | BF29: =BI29 | BH29: =if(BG29<>"", if(BH29="",NOW(),BH29),"") | BJ29: =if(BI29="Done", if(BJ29="",NOW(),BJ29),"") | BK29: 0 | BM29: =BI29 | BO29: =if(BN29<>"", if(BO29="",NOW(),BO29),"") | BQ29: =if(BP29="Done", if(BQ29="",NOW(),BQ29),"") | BR29: =IF(AND(BO29<>"",BQ29<>""),(BQ29-BO29)*1440,"") | BS29: =IF( INT(BO29)=INT(BQ29), IF( AND(MOD(BO29,1)<TIME(12,0,0), MOD(BQ29,1)>TIME(12,0,0)), 60, 0 ), IF( MOD(BQ29,1)<=TIME(12,0,0), (INT(BQ29)-INT(BO29))*960, (INT(BQ29)-INT(BO29))*1020 ) ) -> 0 | BT29: =(BR29-BS29)/60 -> 0 | BU29: =BX29 | BW29: =if(BV29<>"", if(BW29="",NOW(),BW29),"") | BY29: =if(BX29="Done", if(BY29="",NOW(),BY29),"") | CA29: =CD29 | CC29: =if(CB29<>"", if(CC29="",NOW(),CC29),"") | CE29: =if(CD29="Done", if(CE29="",NOW(),CE29),"") | CG29: =CJ29 | CI29: =if(CH29<>"", if(CI29="",NOW(),CI29),"") | CK29: =if(CJ29="Done", if(CK29="",NOW(),CK29),"") | CL29: 0
